<main@debug> CAT poll blocking delay: 1 second(s)
<cat@info> Initializing CAT interfaces
<cat.pty@info> CAT PTY up: ./dev/ttyCAT0 => /dev/pts/4
<cat@info> Rig CAT control (yaesu emu) initialized
<cat@info> CAT Initialization succesful
<cfg@crazy> returning default value |bottom| for key |ui.gtk.main-tabstrip|
<ui.core@debug> Placing main tabstrip at BOTTOM
<ws@debug> Setting TLS CA path to <0x5594486ef400> * with target mg_str at <0x7ffecbc44780>
<ws@debug> ws_init finished
<connman@debug> server: |localhost| url: |ws://localhost:8420/ws/|
<cat.pty@debug> PTY slave closed (HUP), re-arming in 2s
<event@crazy> send event connected: {"connected":{"server":"localhost"}}
<event@crazy> Firing event connected from cptr:<(nil)> with data:<0x5594486fc690> user:(null)
<event@crazy> Firing event connected from cptr:<(nil)> with data:<0x5594486fc690> user:(null)
<event.match@crazy> Event connected from cptr:<(nil)> hit 2 times
<ws@debug> ev_ws_connect: server: |localhost| user: |bob|
<event@crazy> send event connected: {"auth":{"server":"localhost","user":"bob"}}
<event@crazy> Firing event connected from cptr:<(nil)> with data:<0x5594486fc690> user:(null)
<event@crazy> Firing event connected from cptr:<(nil)> with data:<0x5594486fc690> user:(null)
<event.match@crazy> Event connected from cptr:<(nil)> hit 2 times
<ws.proto@crazy> Sending dict <0x5594486eff70> to conn <0x5594486efff0>: {"hello":{"swver":"20260906.01"},"msg":{"type":"hello"}}
<rrproto.auth@info> Sending initial LOGIN!
<ws.proto@crazy> Sending dict <0x5594486eff70> to conn <0x5594486efff0>: {"auth":{"user":"bob","cmd":"login"},"msg":{"type":"auth"}}
<http@crazy> ws_handle_cli: msg={"hello":{"hwver":"sb50","swver":"20260906.01"},"msg":{"ts":1789168481,"type":"hello"}}
<event@crazy> send event ws.msg.hello: {"msg":{"ts":1789168481,"type":"hello"},"hello":{"hwver":"sb50","swver":"20260906.01"}}
<event@crazy> Firing event ws.msg.hello from cptr:<(nil)> with data:<0x5594486fc690> user:(null)
<event.match@crazy> Event ws.msg.hello from cptr:<(nil)> hit 1 times
<auth.ws@info> *** server is running 20260906.01 on sb50 ***
<event@crazy> send event disconnected: {"auth":{"server":"localhost"},"msg":{"type":"auth"}}
<event@crazy> Firing event disconnected from cptr:<(nil)> with data:<0x5594486fc690> user:(null)
<event@crazy> Firing event disconnected from cptr:<(nil)> with data:<0x5594486fc690> user:(null)
<event@crazy> Firing event disconnected from cptr:<(nil)> with data:<0x5594486fc690> user:(null)
<event.match@crazy> Event disconnected from cptr:<(nil)> hit 3 times
<connman@debug> server: |localhost| url: |ws://localhost:8420/ws/|
<event@crazy> send event connected: {"connected":{"server":"localhost"}}
<event@crazy> Firing event connected from cptr:<(nil)> with data:<0x5594486fc690> user:(null)
<event@crazy> Firing event connected from cptr:<(nil)> with data:<0x5594486fc690> user:(null)
<event.match@crazy> Event connected from cptr:<(nil)> hit 2 times
<ws@debug> ev_ws_connect: server: |localhost| user: |bob|
<event@crazy> send event connected: {"auth":{"server":"localhost","user":"bob"}}
<event@crazy> Firing event connected from cptr:<(nil)> with data:<0x5594486fc690> user:(null)
<event@crazy> Firing event connected from cptr:<(nil)> with data:<0x5594486fc690> user:(null)
<event.match@crazy> Event connected from cptr:<(nil)> hit 2 times
<ws.proto@crazy> Sending dict <0x5594486efe70> to conn <0x5594486efff0>: {"hello":{"swver":"20260906.01"},"msg":{"type":"hello"}}
<rrproto.auth@info> Sending initial LOGIN!
<ws.proto@crazy> Sending dict <0x5594486efe70> to conn <0x5594486efff0>: {"auth":{"user":"bob","cmd":"login"},"msg":{"type":"auth"}}
<http@crazy> ws_handle_cli: msg={"hello":{"hwver":"sb50","swver":"20260906.01"},"msg":{"ts":1789168483,"type":"hello"}}
<event@crazy> send event ws.msg.hello: {"msg":{"ts":1789168483,"type":"hello"},"hello":{"hwver":"sb50","swver":"20260906.01"}}
<event@crazy> Firing event ws.msg.hello from cptr:<(nil)> with data:<0x5594486fc690> user:(null)
<event.match@crazy> Event ws.msg.hello from cptr:<(nil)> hit 1 times
<auth.ws@info> *** server is running 20260906.01 on sb50 ***
<event@crazy> send event disconnected: {"auth":{"server":"localhost"},"msg":{"type":"auth"}}
<event@crazy> Firing event disconnected from cptr:<(nil)> with data:<0x5594486fc690> user:(null)
<event@crazy> Firing event disconnected from cptr:<(nil)> with data:<0x5594486fc690> user:(null)
<event@crazy> Firing event disconnected from cptr:<(nil)> with data:<0x5594486fc690> user:(null)
<event.match@crazy> Event disconnected from cptr:<(nil)> hit 3 times
<debug@crit> msg<5>: /quit
<chat.cmd@crazy> command=quit argc=1 max_args=1
<rrproto.srv@warn> Unable to send msg dict:<0x559448700b60> to conn:<(nil)> - invalid destination
<main@debug> CAT poll blocking delay: 1 second(s)
<cat@info> Initializing CAT interfaces
<cat.pty@info> CAT PTY up: ./dev/ttyCAT0 => /dev/pts/4
<cat@info> Rig CAT control (yaesu emu) initialized
<cat@info> CAT Initialization succesful
<cfg@crazy> returning default value |bottom| for key |ui.gtk.main-tabstrip|
<ui.core@debug> Placing main tabstrip at BOTTOM
<ws@debug> Setting TLS CA path to <0x5635b6889400> * with target mg_str at <0x7ffcdc683580>
<ws@debug> ws_init finished
<connman@debug> server: |localhost| url: |ws://localhost:8420/ws/|
<cat.pty@debug> PTY slave closed (HUP), re-arming in 2s
<event@crazy> send event http.error: {"error":{"msg":"socket error"}}
<event@crazy> Firing event http.error from cptr:<(nil)> with data:<0x5635b6896690> user:(null)
<event@crazy> Firing event http.error from cptr:<(nil)> with data:<0x5635b6896690> user:(null)
<event.match@crazy> Event http.error from cptr:<(nil)> hit 2 times
<event@crazy> send event disconnected: {"auth":{"server":"localhost"},"msg":{"type":"auth"}}
<event@crazy> Firing event disconnected from cptr:<(nil)> with data:<0x5635b6896690> user:(null)
<event@crazy> Firing event disconnected from cptr:<(nil)> with data:<0x5635b6896690> user:(null)
<event@crazy> Firing event disconnected from cptr:<(nil)> with data:<0x5635b6896690> user:(null)
<event.match@crazy> Event disconnected from cptr:<(nil)> hit 3 times
<connman@debug> server: |localhost| url: |ws://localhost:8420/ws/|
<event@crazy> send event http.error: {"error":{"msg":"socket error"}}
<event@crazy> Firing event http.error from cptr:<(nil)> with data:<0x5635b6896690> user:(null)
<event@crazy> Firing event http.error from cptr:<(nil)> with data:<0x5635b6896690> user:(null)
<event.match@crazy> Event http.error from cptr:<(nil)> hit 2 times
<event@crazy> send event disconnected: {"auth":{"server":"localhost"},"msg":{"type":"auth"}}
<event@crazy> Firing event disconnected from cptr:<(nil)> with data:<0x5635b6896690> user:(null)
<event@crazy> Firing event disconnected from cptr:<(nil)> with data:<0x5635b6896690> user:(null)
<event@crazy> Firing event disconnected from cptr:<(nil)> with data:<0x5635b6896690> user:(null)
<event.match@crazy> Event disconnected from cptr:<(nil)> hit 3 times
<connman@debug> server: |localhost| url: |ws://localhost:8420/ws/|
<event@crazy> send event http.error: {"error":{"msg":"socket error"}}
<event@crazy> Firing event http.error from cptr:<(nil)> with data:<0x5635b6896690> user:(null)
<event@crazy> Firing event http.error from cptr:<(nil)> with data:<0x5635b6896690> user:(null)
<event.match@crazy> Event http.error from cptr:<(nil)> hit 2 times
<event@crazy> send event disconnected: {"auth":{"server":"localhost"},"msg":{"type":"auth"}}
<event@crazy> Firing event disconnected from cptr:<(nil)> with data:<0x5635b6896690> user:(null)
<event@crazy> Firing event disconnected from cptr:<(nil)> with data:<0x5635b6896690> user:(null)
<event@crazy> Firing event disconnected from cptr:<(nil)> with data:<0x5635b6896690> user:(null)
<event.match@crazy> Event disconnected from cptr:<(nil)> hit 3 times
<connman@debug> server: |localhost| url: |ws://localhost:8420/ws/|
<event@crazy> send event connected: {"connected":{"server":"localhost"}}
<event@crazy> Firing event connected from cptr:<(nil)> with data:<0x5635b6896690> user:(null)
<event@crazy> Firing event connected from cptr:<(nil)> with data:<0x5635b6896690> user:(null)
<event.match@crazy> Event connected from cptr:<(nil)> hit 2 times
<ws@debug> ev_ws_connect: server: |localhost| user: |bob|
<event@crazy> send event connected: {"auth":{"server":"localhost","user":"bob"}}
<event@crazy> Firing event connected from cptr:<(nil)> with data:<0x5635b6896690> user:(null)
<event@crazy> Firing event connected from cptr:<(nil)> with data:<0x5635b6896690> user:(null)
<event.match@crazy> Event connected from cptr:<(nil)> hit 2 times
<ws.proto@crazy> Sending dict <0x5635b6896980> to conn <0x5635b688ae10>: {"hello":{"swver":"20260906.01"},"msg":{"type":"hello"}}
<rrproto.auth@info> Sending initial LOGIN!
<ws.proto@crazy> Sending dict <0x5635b6896980> to conn <0x5635b688ae10>: {"auth":{"user":"bob","cmd":"login"},"msg":{"type":"auth"}}
<http@crazy> ws_handle_cli: msg={"hello":{"hwver":"sb50","swver":"20260906.01"},"msg":{"ts":1789168869,"type":"hello"}}
<event@crazy> send event ws.msg.hello: {"msg":{"ts":1789168869,"type":"hello"},"hello":{"hwver":"sb50","swver":"20260906.01"}}
<event@crazy> Firing event ws.msg.hello from cptr:<(nil)> with data:<0x5635b6896690> user:(null)
<event.match@crazy> Event ws.msg.hello from cptr:<(nil)> hit 1 times
<auth.ws@info> *** server is running 20260906.01 on sb50 ***
<event@crazy> send event disconnected: {"auth":{"server":"localhost"},"msg":{"type":"auth"}}
<event@crazy> Firing event disconnected from cptr:<(nil)> with data:<0x5635b6896690> user:(null)
<event@crazy> Firing event disconnected from cptr:<(nil)> with data:<0x5635b6896690> user:(null)
<event@crazy> Firing event disconnected from cptr:<(nil)> with data:<0x5635b6896690> user:(null)
<event.match@crazy> Event disconnected from cptr:<(nil)> hit 3 times
<debug@crit> msg<5>: /quit
<chat.cmd@crazy> command=quit argc=1 max_args=1
<rrproto.srv@warn> Unable to send msg dict:<0x5635b688a410> to conn:<(nil)> - invalid destination
<main@debug> CAT poll blocking delay: 1 second(s)
<cat@info> Initializing CAT interfaces
<cat.pty@info> CAT PTY up: ./dev/ttyCAT0 => /dev/pts/4
<cat@info> Rig CAT control (yaesu emu) initialized
<cat@info> CAT Initialization succesful
<cfg@crazy> returning default value |bottom| for key |ui.gtk.main-tabstrip|
<ui.core@debug> Placing main tabstrip at BOTTOM
<ws@debug> Setting TLS CA path to <0x56471c942400> * with target mg_str at <0x7fffa3f275f0>
<ws@debug> ws_init finished
<connman@debug> server: |localhost| url: |ws://localhost:8420/ws/|
<cat.pty@debug> PTY slave closed (HUP), re-arming in 2s
<event@crazy> send event connected: {"connected":{"server":"localhost"}}
<event@crazy> Firing event connected from cptr:<(nil)> with data:<0x56471c94f690> user:(null)
<event@crazy> Firing event connected from cptr:<(nil)> with data:<0x56471c94f690> user:(null)
<event.match@crazy> Event connected from cptr:<(nil)> hit 2 times
<ws@debug> ev_ws_connect: server: |localhost| user: |bob|
<event@crazy> send event connected: {"auth":{"server":"localhost","user":"bob"}}
<event@crazy> Firing event connected from cptr:<(nil)> with data:<0x56471c94f690> user:(null)
<event@crazy> Firing event connected from cptr:<(nil)> with data:<0x56471c94f690> user:(null)
<event.match@crazy> Event connected from cptr:<(nil)> hit 2 times
<ws.proto@crazy> Sending dict <0x56471c942f70> to conn <0x56471c942ff0>: {"hello":{"swver":"20260906.01"},"msg":{"type":"hello"}}
<rrproto.auth@info> Sending initial LOGIN!
<ws.proto@crazy> Sending dict <0x56471c942f70> to conn <0x56471c942ff0>: {"auth":{"user":"bob","cmd":"login"},"msg":{"type":"auth"}}
<http@crazy> ws_handle_cli: msg={"hello":{"hwver":"sb50","swver":"20260906.01"},"msg":{"ts":1789168877,"type":"hello"}}
<event@crazy> send event ws.msg.hello: {"msg":{"ts":1789168877,"type":"hello"},"hello":{"hwver":"sb50","swver":"20260906.01"}}
<event@crazy> Firing event ws.msg.hello from cptr:<(nil)> with data:<0x56471c94f690> user:(null)
<event.match@crazy> Event ws.msg.hello from cptr:<(nil)> hit 1 times
<auth.ws@info> *** server is running 20260906.01 on sb50 ***
<event@crazy> send event disconnected: {"auth":{"server":"localhost"},"msg":{"type":"auth"}}
<event@crazy> Firing event disconnected from cptr:<(nil)> with data:<0x56471c94f690> user:(null)
<event@crazy> Firing event disconnected from cptr:<(nil)> with data:<0x56471c94f690> user:(null)
<event@crazy> Firing event disconnected from cptr:<(nil)> with data:<0x56471c94f690> user:(null)
<event.match@crazy> Event disconnected from cptr:<(nil)> hit 3 times
<connman@debug> server: |localhost| url: |ws://localhost:8420/ws/|
<event@crazy> send event connected: {"connected":{"server":"localhost"}}
<event@crazy> Firing event connected from cptr:<(nil)> with data:<0x56471c94f690> user:(null)
<event@crazy> Firing event connected from cptr:<(nil)> with data:<0x56471c94f690> user:(null)
<event.match@crazy> Event connected from cptr:<(nil)> hit 2 times
<ws@debug> ev_ws_connect: server: |localhost| user: |bob|
<event@crazy> send event connected: {"auth":{"server":"localhost","user":"bob"}}
<event@crazy> Firing event connected from cptr:<(nil)> with data:<0x56471c94f690> user:(null)
<event@crazy> Firing event connected from cptr:<(nil)> with data:<0x56471c94f690> user:(null)
<event.match@crazy> Event connected from cptr:<(nil)> hit 2 times
<ws.proto@crazy> Sending dict <0x56471c942e70> to conn <0x56471c942ff0>: {"hello":{"swver":"20260906.01"},"msg":{"type":"hello"}}
<rrproto.auth@info> Sending initial LOGIN!
<ws.proto@crazy> Sending dict <0x56471c942e70> to conn <0x56471c942ff0>: {"auth":{"user":"bob","cmd":"login"},"msg":{"type":"auth"}}
<http@crazy> ws_handle_cli: msg={"hello":{"hwver":"sb50","swver":"20260906.01"},"msg":{"ts":1789168878,"type":"hello"}}
<event@crazy> send event ws.msg.hello: {"msg":{"ts":1789168878,"type":"hello"},"hello":{"hwver":"sb50","swver":"20260906.01"}}
<event@crazy> Firing event ws.msg.hello from cptr:<(nil)> with data:<0x56471c94f690> user:(null)
<event.match@crazy> Event ws.msg.hello from cptr:<(nil)> hit 1 times
<auth.ws@info> *** server is running 20260906.01 on sb50 ***
<event@crazy> send event disconnected: {"auth":{"server":"localhost"},"msg":{"type":"auth"}}
<event@crazy> Firing event disconnected from cptr:<(nil)> with data:<0x56471c94f690> user:(null)
<event@crazy> Firing event disconnected from cptr:<(nil)> with data:<0x56471c94f690> user:(null)
<event@crazy> Firing event disconnected from cptr:<(nil)> with data:<0x56471c94f690> user:(null)
<event.match@crazy> Event disconnected from cptr:<(nil)> hit 3 times
<debug@crit> msg<5>: /quit
<chat.cmd@crazy> command=quit argc=1 max_args=1
<rrproto.srv@warn> Unable to send msg dict:<0x56471c942e90> to conn:<(nil)> - invalid destination
<main@debug> CAT poll blocking delay: 1 second(s)
<cat@info> Initializing CAT interfaces
<cat.pty@info> CAT PTY up: ./dev/ttyCAT0 => /dev/pts/4
<cat@info> Rig CAT control (yaesu emu) initialized
<cat@info> CAT Initialization succesful
<cfg@crazy> returning default value |bottom| for key |ui.gtk.main-tabstrip|
<ui.core@debug> Placing main tabstrip at BOTTOM
<ws@debug> Setting TLS CA path to <0x55d1b1ce8400> * with target mg_str at <0x7fff0e4b4fe0>
<ws@debug> ws_init finished
<connman@debug> server: |localhost| url: |ws://localhost:8420/ws/|
<cat.pty@debug> PTY slave closed (HUP), re-arming in 2s
<event@crazy> send event connected: {"connected":{"server":"localhost"}}
<event@crazy> Firing event connected from cptr:<(nil)> with data:<0x55d1b1cf5690> user:(null)
<event@crazy> Firing event connected from cptr:<(nil)> with data:<0x55d1b1cf5690> user:(null)
<event.match@crazy> Event connected from cptr:<(nil)> hit 2 times
<ws@debug> ev_ws_connect: server: |localhost| user: |bob|
<event@crazy> send event connected: {"auth":{"server":"localhost","user":"bob"}}
<event@crazy> Firing event connected from cptr:<(nil)> with data:<0x55d1b1cf5690> user:(null)
<event@crazy> Firing event connected from cptr:<(nil)> with data:<0x55d1b1cf5690> user:(null)
<event.match@crazy> Event connected from cptr:<(nil)> hit 2 times
<ws.proto@crazy> Sending dict <0x55d1b1ce8f70> to conn <0x55d1b1ce8ff0>: {"hello":{"swver":"20260906.01"},"msg":{"type":"hello"}}
<rrproto.auth@info> Sending initial LOGIN!
<ws.proto@crazy> Sending dict <0x55d1b1ce8f70> to conn <0x55d1b1ce8ff0>: {"auth":{"user":"bob","cmd":"login"},"msg":{"type":"auth"}}
<http@crazy> ws_handle_cli: msg={"hello":{"hwver":"sb50","swver":"20260906.01"},"msg":{"ts":1789168959,"type":"hello"}}
<event@crazy> send event ws.msg.hello: {"msg":{"ts":1789168959,"type":"hello"},"hello":{"hwver":"sb50","swver":"20260906.01"}}
<event@crazy> Firing event ws.msg.hello from cptr:<(nil)> with data:<0x55d1b1cf5690> user:(null)
<event.match@crazy> Event ws.msg.hello from cptr:<(nil)> hit 1 times
<auth.ws@info> *** server is running 20260906.01 on sb50 ***
<http@crazy> ws_handle_cli: msg={"auth":{"token":"E16OoWfEi+j/7","user":"bob","cmd":"challenge","nonce":"2t8Pkb7RydRtD"},"msg":{"type":"auth"}}
<event@crazy> send event ws.msg.auth: {"msg":{"type":"auth"},"auth":{"token":"E16OoWfEi+j/7","user":"bob","cmd":"challenge","nonce":"2t8Pkb7RydRtD"}}
<event@crazy> Firing event ws.msg.auth from cptr:<(nil)> with data:<0x55d1b1cf5690> user:(null)
<event.match@crazy> Event ws.msg.auth from cptr:<(nil)> hit 1 times
<auth.ws@audit> Got CHALLENGE 2t8Pkb7RydRtD from server localhost, sending password!
<auth@crazy> passwd |48181acd22b3edaebc8a447868a7df7ce629920a| nonce |2t8Pkb7RydRtD| result |dee5935f8b5b6c2585c4331b09c24116a8b13d59|
<ws.proto@crazy> Sending dict <0x55d1b1cf9a40> to conn <0x55d1b1ce8ff0>: {"auth":{"pass":"dee5935f8b5b6c2585c4331b09c24116a8b13d59","token":"E16OoWfEi+j/7","user":"bob","cmd":"pass"},"msg":{"type":"auth"}}
<event@crazy> send event logging-in: {"msg":{"type":"auth"},"auth":{"token":"E16OoWfEi+j/7","user":"bob","cmd":"challenge","nonce":"2t8Pkb7RydRtD"}}
<event@crazy> Firing event logging-in from cptr:<(nil)> with data:<0x55d1b1cf5690> user:(null)
<ws.auth@crazy> Logging in: {"msg":{"type":"auth"},"auth":{"token":"E16OoWfEi+j/7","user":"bob","cmd":"challenge","nonce":"2t8Pkb7RydRtD"}}
<event.match@crazy> Event logging-in from cptr:<(nil)> hit 1 times
<http@crazy> ws_handle_cli: msg={"msg":{"type":"auth"},"auth":{"user":"bob","ts":1789168959,"token":"E16OoWfEi+j/7","privs":"admin,edit,view,radio,tx,elmer,syslog,chat,restart","cmd":"authorized"}}
<event@crazy> send event ws.msg.auth: {"msg":{"type":"auth"},"auth":{"user":"bob","ts":1789168959,"token":"E16OoWfEi+j/7","privs":"admin,edit,view,radio,tx,elmer,syslog,chat,restart","cmd":"authorized"}}
<event@crazy> Firing event ws.msg.auth from cptr:<(nil)> with data:<0x55d1b1cf5690> user:(null)
<event.match@crazy> Event ws.msg.auth from cptr:<(nil)> hit 1 times
<event@crazy> send event authorized: {"msg":{"type":"auth"},"auth":{"user":"bob","ts":1789168959,"token":"E16OoWfEi+j/7","privs":"admin,edit,view,radio,tx,elmer,syslog,chat,restart","cmd":"authorized"}}
<event@crazy> Firing event authorized from cptr:<(nil)> with data:<0x55d1b1cf5690> user:(null)
<event@crazy> Firing event authorized from cptr:<(nil)> with data:<0x55d1b1cf5690> user:(null)
<event@crazy> Firing event authorized from cptr:<(nil)> with data:<0x55d1b1cf5690> user:(null)
<event.match@crazy> Event authorized from cptr:<(nil)> hit 3 times
<http@crazy> ws_handle_cli: msg={"msg":{"ts":1789168959,"type":"cat"},"cat":{"user":"","state":{"active":true,"ptt":false,"mode":"USB","vfo":"A","power":0,"width":3000,"freq":14074000,"widths":"1800,3000,3600"}}}
<event@crazy> send event ws.msg.cat: {"msg":{"ts":1789168959,"type":"cat"},"cat":{"user":"","state":{"active":true,"ptt":false,"mode":"USB","vfo":"A","width":3000,"power":0,"freq":14074000,"widths":"1800,3000,3600"}}}
<event@crazy> Firing event ws.msg.cat from cptr:<(nil)> with data:<0x55d1b1cf5690> user:(null)
<vfo@crazy> vfo_set_dict: VFO A
<vfo@crazy> vfo_parse_mode: USB
<event.match@crazy> Event ws.msg.cat from cptr:<(nil)> hit 1 times
<http@crazy> ws_handle_cli: msg={"msg":{"ts":1789168959,"type":"cat"},"cat":{"user":"","state":{"active":false,"ptt":false,"mode":"USB","vfo":"B","power":0,"width":3000,"freq":14074000,"widths":"1800,3000,3600"}}}
<event@crazy> send event ws.msg.cat: {"msg":{"ts":1789168959,"type":"cat"},"cat":{"user":"","state":{"active":false,"ptt":false,"mode":"USB","vfo":"B","width":3000,"power":0,"freq":14074000,"widths":"1800,3000,3600"}}}
<event@crazy> Firing event ws.msg.cat from cptr:<(nil)> with data:<0x55d1b1cf5690> user:(null)
<vfo@crazy> vfo_set_dict: VFO B
<vfo@crazy> vfo_parse_mode: USB
<event.match@crazy> Event ws.msg.cat from cptr:<(nil)> hit 1 times
<http@crazy> ws_handle_cli: msg={ "msg": { "type": "media" }, "media": { "cmd": "capab", "codecs": "pc16 mu16 mu08 opus flac" } }
<event@crazy> send event ws.msg.media: {"media":{"codecs":"pc16 mu16 mu08 opus flac","cmd":"capab"},"msg":{"type":"media"}}
<event@crazy> Firing event ws.msg.media from cptr:<(nil)> with data:<0x55d1b1cf5690> user:(null)
<ws.media@debug> Server media capabilities: pc16 mu16 mu08 opus flac
<event.match@crazy> Event ws.msg.media from cptr:<(nil)> hit 1 times
<codecneg@crazy> codec_filter_common(|pc16 mu16 mu08|, |pc16 mu16 mu08 opus flac|) returned |pc16 mu16 mu08|
<ws.media@info> Negotiated common codecs: pc16 mu16 mu08 (default: pc16)
<ws.proto@crazy> Sending dict <0x55d1b1cfc4f0> to conn <0x55d1b1ce8ff0>: {"media":{"channel":"rx","ts":1789168960,"codec":"pc16","cmd":"codec"},"msg":{"type":"media"}}
<ws.media@info> Selected rx codec pc16
<ws.proto@crazy> Sending dict <0x55d1b1cfaa10> to conn <0x55d1b1ce8ff0>: {"media":{"channel":"tx","ts":1789168960,"codec":"pc16","cmd":"codec"},"msg":{"type":"media"}}
<ws.media@info> Selected tx codec pc16
<http@crazy> ws_handle_cli: msg={"msg":{"type":"media"},"media":{"ts":1789168959,"rig":0,"chan-uuid":"6aa48d36-7fa600e10ce1","subsys":1,"dir":0,"vfo":0,"cmd":"available","descr":"RX audio VFO A"}}
<event@crazy> send event ws.msg.media: {"msg":{"type":"media"},"media":{"ts":1789168959,"rig":0,"chan-uuid":"6aa48d36-7fa600e10ce1","subsys":1,"dir":0,"vfo":0,"cmd":"available","descr":"RX audio VFO A"}}
<event@crazy> Firing event ws.msg.media from cptr:<(nil)> with data:<0x55d1b1cf5690> user:(null)
<ws.media@info> Media channel available: 6aa48d36-7fa600e10ce1 subsys 0x01 rx vfo 0 rig 0 (RX audio VFO A)
<event@crazy> send event media.available: {"msg":{"type":"media"},"media":{"ts":1789168959,"rig":0,"chan-uuid":"6aa48d36-7fa600e10ce1","subsys":1,"dir":0,"vfo":0,"cmd":"available","descr":"RX audio VFO A"}}
<event@crazy> Firing event media.available from cptr:<(nil)> with data:<0x55d1b1cfc4f0> user:(null)
<event.match@crazy> Event media.available from cptr:<(nil)> hit 1 times
<event.match@crazy> Event ws.msg.media from cptr:<(nil)> hit 1 times
<ws.media@debug> Unhandled media cmd: |available|
<http@crazy> ws_handle_cli: msg={"msg":{"type":"media"},"media":{"ts":1789168959,"rig":0,"chan-uuid":"6aa48d36-7fa600e10dac","subsys":1,"dir":1,"vfo":0,"cmd":"available","descr":"TX audio VFO A"}}
<event@crazy> send event ws.msg.media: {"msg":{"type":"media"},"media":{"ts":1789168959,"rig":0,"chan-uuid":"6aa48d36-7fa600e10dac","subsys":1,"dir":1,"vfo":0,"cmd":"available","descr":"TX audio VFO A"}}
<event@crazy> Firing event ws.msg.media from cptr:<(nil)> with data:<0x55d1b1cf5690> user:(null)
<ws.media@info> Media channel available: 6aa48d36-7fa600e10dac subsys 0x01 tx vfo 0 rig 0 (TX audio VFO A)
<event@crazy> send event media.available: {"msg":{"type":"media"},"media":{"ts":1789168959,"rig":0,"chan-uuid":"6aa48d36-7fa600e10dac","subsys":1,"dir":1,"vfo":0,"cmd":"available","descr":"TX audio VFO A"}}
<event@crazy> Firing event media.available from cptr:<(nil)> with data:<0x55d1b1cfc4f0> user:(null)
<event.match@crazy> Event media.available from cptr:<(nil)> hit 1 times
<event.match@crazy> Event ws.msg.media from cptr:<(nil)> hit 1 times
<ws.media@debug> Unhandled media cmd: |available|
<http@crazy> ws_handle_cli: msg={"msg":{"type":"media"},"media":{"ts":1789168959,"rig":0,"chan-uuid":"6aa48d36-7fa600e10e77","subsys":1,"dir":0,"vfo":1,"cmd":"available","descr":"RX audio VFO B"}}
<event@crazy> send event ws.msg.media: {"msg":{"type":"media"},"media":{"ts":1789168959,"rig":0,"chan-uuid":"6aa48d36-7fa600e10e77","subsys":1,"dir":0,"vfo":1,"cmd":"available","descr":"RX audio VFO B"}}
<event@crazy> Firing event ws.msg.media from cptr:<(nil)> with data:<0x55d1b1cf5690> user:(null)
<ws.media@info> Media channel available: 6aa48d36-7fa600e10e77 subsys 0x01 rx vfo 1 rig 0 (RX audio VFO B)
<event@crazy> send event media.available: {"msg":{"type":"media"},"media":{"ts":1789168959,"rig":0,"chan-uuid":"6aa48d36-7fa600e10e77","subsys":1,"dir":0,"vfo":1,"cmd":"available","descr":"RX audio VFO B"}}
<event@crazy> Firing event media.available from cptr:<(nil)> with data:<0x55d1b1cfc4f0> user:(null)
<event.match@crazy> Event media.available from cptr:<(nil)> hit 1 times
<event.match@crazy> Event ws.msg.media from cptr:<(nil)> hit 1 times
<ws.media@debug> Unhandled media cmd: |available|
<http@crazy> ws_handle_cli: msg={"msg":{"type":"media"},"media":{"ts":1789168959,"rig":0,"chan-uuid":"6aa48d36-7fa600e10f42","subsys":1,"dir":1,"vfo":1,"cmd":"available","descr":"TX audio VFO B"}}
<event@crazy> send event ws.msg.media: {"msg":{"type":"media"},"media":{"ts":1789168959,"rig":0,"chan-uuid":"6aa48d36-7fa600e10f42","subsys":1,"dir":1,"vfo":1,"cmd":"available","descr":"TX audio VFO B"}}
<event@crazy> Firing event ws.msg.media from cptr:<(nil)> with data:<0x55d1b1cf5690> user:(null)
<ws.media@info> Media channel available: 6aa48d36-7fa600e10f42 subsys 0x01 tx vfo 1 rig 0 (TX audio VFO B)
<event@crazy> send event media.available: {"msg":{"type":"media"},"media":{"ts":1789168959,"rig":0,"chan-uuid":"6aa48d36-7fa600e10f42","subsys":1,"dir":1,"vfo":1,"cmd":"available","descr":"TX audio VFO B"}}
<event@crazy> Firing event media.available from cptr:<(nil)> with data:<0x55d1b1cfc4f0> user:(null)
<event.match@crazy> Event media.available from cptr:<(nil)> hit 1 times
<event.match@crazy> Event ws.msg.media from cptr:<(nil)> hit 1 times
<ws.media@debug> Unhandled media cmd: |available|
<http@crazy> ws_handle_cli: msg={"msg":{"ts":1789168959,"type":"talk"},"talk":{"sessions":1,"muted":"false","cmd":"join","ip":"127.0.0.1","user":"bob","privs":"admin,edit,view,radio,tx,elmer,syslog,chat,restart","target":"&localrig"}}
<event@crazy> send event ws.msg.talk: {"msg":{"ts":1789168959,"type":"talk"},"talk":{"target":"&localrig","muted":"false","cmd":"join","ip":"127.0.0.1","user":"bob","privs":"admin,edit,view,radio,tx,elmer,syslog,chat,restart","sessions":1}}
<event@crazy> Firing event ws.msg.talk from cptr:<(nil)> with data:<0x55d1b1cf5690> user:(null)
<ws.talk@crazy> ws.msg.talk: {"msg":{"ts":1789168959,"type":"talk"},"talk":{"target":"&localrig","muted":"false","cmd":"join","ip":"127.0.0.1","user":"bob","privs":"admin,edit,view,radio,tx,elmer,syslog,chat,restart","sessions":1}}
<event.match@crazy> Event ws.msg.talk from cptr:<(nil)> hit 1 times
<event@crazy> send event join: {"msg":{"ts":1789168959,"type":"talk"},"talk":{"target":"&localrig","muted":"false","cmd":"join","ip":"127.0.0.1","user":"bob","privs":"admin,edit,view,radio,tx,elmer,syslog,chat,restart","sessions":1}}
<event@crazy> Firing event join from cptr:<0x55d1b1ce8ff0> with data:<0x55d1b1cf5690> user:(null)
<userlist@info> Storing new userlist entry for bob at <0x55d1b1cfc4f0> in userlist
<event.match@crazy> Event join from cptr:<0x55d1b1ce8ff0> hit 1 times
<http@crazy> ws_handle_cli: msg={"msg":{"ts":1789168959,"type":"talk"},"talk":{"muted":false,"tx":false,"cmd":"userinfo","user":"bob","privs":"admin,edit,view,radio,tx,elmer,syslog,chat,restart","sessions":1}}
<event@crazy> send event ws.msg.talk: {"msg":{"ts":1789168959,"type":"talk"},"talk":{"muted":false,"tx":false,"cmd":"userinfo","user":"bob","privs":"admin,edit,view,radio,tx,elmer,syslog,chat,restart","sessions":1}}
<event@crazy> Firing event ws.msg.talk from cptr:<(nil)> with data:<0x55d1b1cf5690> user:(null)
<ws.talk@crazy> ws.msg.talk: {"msg":{"ts":1789168959,"type":"talk"},"talk":{"muted":false,"tx":false,"cmd":"userinfo","user":"bob","privs":"admin,edit,view,radio,tx,elmer,syslog,chat,restart","sessions":1}}
<event.match@crazy> Event ws.msg.talk from cptr:<(nil)> hit 1 times
<ws.talk@debug> UserInfo: bob has privs 'admin,edit,view,radio,tx,elmer,syslog,chat,restart' (TX: false, Muted: false, sessions: 1)
<event@crazy> send event userinfo: {"msg":{"ts":1789168959,"type":"talk"},"talk":{"muted":false,"tx":false,"cmd":"userinfo","user":"bob","privs":"admin,edit,view,radio,tx,elmer,syslog,chat,restart","sessions":1}}
<event@crazy> Firing event userinfo from cptr:<0x55d1b1ce8ff0> with data:<0x55d1b1cf5690> user:(null)
<userlist@info> Updating userlist entry for bob at <0x55d1b1cfc4f0>
<event.match@crazy> Event userinfo from cptr:<0x55d1b1ce8ff0> hit 1 times
<http@crazy> ws_handle_cli: msg={"ping":{"ts":80605559041},"msg":{"ts":1789168959,"type":"ping"}}
<event@crazy> send event ws.msg.ping: {"msg":{"ts":1789168959,"type":"ping"},"ping":{"ts":80605559041}}
<event@crazy> Firing event ws.msg.ping from cptr:<(nil)> with data:<0x55d1b1cf5690> user:(null)
<ws.ping@crazy> Server ping: {"msg":{"ts":1789168959,"type":"ping"},"ping":{"ts":80605559041}}
<event.match@crazy> Event ws.msg.ping from cptr:<(nil)> hit 1 times
<ws.proto@crazy> Sending dict <0x55d1b1ce8eb0> to conn <0x55d1b1ce8ff0>: {"ping":{"ts":80605559041},"msg":{"ts":1789168959,"type":"pong"}}
<ws.proto@crazy> Sending dict <0x55d1b1ce8eb0> to conn <0x55d1b1ce8ff0>: {"talk":{"cmd":"msg","msg_type":"pub","data":"hihi"},"msg":{"type":"talk"}}
<http@crazy> ws_handle_cli: msg={"msg":{"ts":1789168962,"type":"talk"},"talk":{"data":"hihi","cmd":"msg","msg_type":"pub","from":"bob","msg":{"global":false},"target":"&localrig"}}
<event@crazy> send event ws.msg.talk: {"msg":{"ts":1789168962,"type":"talk"},"talk":{"data":"hihi","cmd":"msg","msg_type":"pub","from":"bob","msg":{"global":false},"target":"&localrig"}}
<event@crazy> Firing event ws.msg.talk from cptr:<(nil)> with data:<0x55d1b1cf5690> user:(null)
<ws.talk@crazy> ws.msg.talk: {"msg":{"ts":1789168962,"type":"talk"},"talk":{"data":"hihi","cmd":"msg","msg_type":"pub","from":"bob","msg":{"global":false},"target":"&localrig"}}
<event.match@crazy> Event ws.msg.talk from cptr:<(nil)> hit 1 times
<event@crazy> send event talk.msg: {"msg":{"ts":1789168962,"type":"talk"},"talk":{"data":"hihi","cmd":"msg","msg_type":"pub","from":"bob","msg":{"global":false},"target":"&localrig"}}
<event@crazy> Firing event talk.msg from cptr:<0x55d1b1ce8ff0> with data:<0x55d1b1cf5690> user:(null)
<event.match@crazy> Event talk.msg from cptr:<0x55d1b1ce8ff0> hit 1 times
<http@crazy> ws_handle_cli: msg={"msg":{"ts":1789168965,"type":"cat"},"cat":{"user":"","state":{"active":true,"ptt":false,"mode":"USB","vfo":"A","power":0,"width":3000,"freq":14074000,"widths":"1800,3000,3600"}}}
<event@crazy> send event ws.msg.cat: {"msg":{"ts":1789168965,"type":"cat"},"cat":{"user":"","state":{"active":true,"ptt":false,"mode":"USB","vfo":"A","width":3000,"power":0,"freq":14074000,"widths":"1800,3000,3600"}}}
<event@crazy> Firing event ws.msg.cat from cptr:<(nil)> with data:<0x55d1b1cf5690> user:(null)
<vfo@crazy> vfo_set_dict: VFO A
<vfo@crazy> vfo_parse_mode: USB
<event.match@crazy> Event ws.msg.cat from cptr:<(nil)> hit 1 times
<http@crazy> ws_handle_cli: msg={"msg":{"ts":1789168965,"type":"cat"},"cat":{"user":"","state":{"active":false,"ptt":false,"mode":"USB","vfo":"B","power":0,"width":3000,"freq":14074000,"widths":"1800,3000,3600"}}}
<event@crazy> send event ws.msg.cat: {"msg":{"ts":1789168965,"type":"cat"},"cat":{"user":"","state":{"active":false,"ptt":false,"mode":"USB","vfo":"B","width":3000,"power":0,"freq":14074000,"widths":"1800,3000,3600"}}}
<event@crazy> Firing event ws.msg.cat from cptr:<(nil)> with data:<0x55d1b1cf5690> user:(null)
<vfo@crazy> vfo_set_dict: VFO B
<vfo@crazy> vfo_parse_mode: USB
<event.match@crazy> Event ws.msg.cat from cptr:<(nil)> hit 1 times
<http@crazy> ws_handle_cli: msg={"msg":{"ts":1789168974,"type":"talk"},"talk":{"sessions":1,"muted":"false","cmd":"join","ip":"127.0.0.1","user":"admin","privs":"admin,edit,view,radio,tx,elmer,syslog,chat","target":"&localrig"}}
<event@crazy> send event ws.msg.talk: {"msg":{"ts":1789168974,"type":"talk"},"talk":{"target":"&localrig","muted":"false","cmd":"join","ip":"127.0.0.1","user":"admin","privs":"admin,edit,view,radio,tx,elmer,syslog,chat","sessions":1}}
<event@crazy> Firing event ws.msg.talk from cptr:<(nil)> with data:<0x55d1b1cfaaf0> user:(null)
<ws.talk@crazy> ws.msg.talk: {"msg":{"ts":1789168974,"type":"talk"},"talk":{"target":"&localrig","muted":"false","cmd":"join","ip":"127.0.0.1","user":"admin","privs":"admin,edit,view,radio,tx,elmer,syslog,chat","sessions":1}}
<event.match@crazy> Event ws.msg.talk from cptr:<(nil)> hit 1 times
<event@crazy> send event join: {"msg":{"ts":1789168974,"type":"talk"},"talk":{"target":"&localrig","muted":"false","cmd":"join","ip":"127.0.0.1","user":"admin","privs":"admin,edit,view,radio,tx,elmer,syslog,chat","sessions":1}}
<event@crazy> Firing event join from cptr:<0x55d1b1ce8ff0> with data:<0x55d1b1cf5690> user:(null)
<userlist@info> Storing new userlist entry for admin at <0x55d1b1cfaaf0> in userlist
<event.match@crazy> Event join from cptr:<0x55d1b1ce8ff0> hit 1 times
<http@crazy> ws_handle_cli: msg={"msg":{"ts":1789168974,"type":"talk"},"talk":{"muted":false,"tx":false,"cmd":"userinfo","user":"admin","privs":"admin,edit,view,radio,tx,elmer,syslog,chat","sessions":1}}
<event@crazy> send event ws.msg.talk: {"msg":{"ts":1789168974,"type":"talk"},"talk":{"muted":false,"tx":false,"cmd":"userinfo","user":"admin","privs":"admin,edit,view,radio,tx,elmer,syslog,chat","sessions":1}}
<event@crazy> Firing event ws.msg.talk from cptr:<(nil)> with data:<0x55d1b1cfac70> user:(null)
<ws.talk@crazy> ws.msg.talk: {"msg":{"ts":1789168974,"type":"talk"},"talk":{"muted":false,"tx":false,"cmd":"userinfo","user":"admin","privs":"admin,edit,view,radio,tx,elmer,syslog,chat","sessions":1}}
<event.match@crazy> Event ws.msg.talk from cptr:<(nil)> hit 1 times
<ws.talk@debug> UserInfo: admin has privs 'admin,edit,view,radio,tx,elmer,syslog,chat' (TX: false, Muted: false, sessions: 1)
<event@crazy> send event userinfo: {"msg":{"ts":1789168974,"type":"talk"},"talk":{"muted":false,"tx":false,"cmd":"userinfo","user":"admin","privs":"admin,edit,view,radio,tx,elmer,syslog,chat","sessions":1}}
<event@crazy> Firing event userinfo from cptr:<0x55d1b1ce8ff0> with data:<0x55d1b1cf5690> user:(null)
<userlist@info> Updating userlist entry for admin at <0x55d1b1cfaaf0>
<event.match@crazy> Event userinfo from cptr:<0x55d1b1ce8ff0> hit 1 times
<http@crazy> ws_handle_cli: msg={"msg":{"ts":1789168974,"type":"talk"},"talk":{"muted":false,"tx":false,"cmd":"userinfo","user":"bob","privs":"admin,edit,view,radio,tx,elmer,syslog,chat,restart","sessions":1}}
<event@crazy> send event ws.msg.talk: {"msg":{"ts":1789168974,"type":"talk"},"talk":{"muted":false,"tx":false,"cmd":"userinfo","user":"bob","privs":"admin,edit,view,radio,tx,elmer,syslog,chat,restart","sessions":1}}
<event@crazy> Firing event ws.msg.talk from cptr:<(nil)> with data:<0x55d1b1cf5690> user:(null)
<ws.talk@crazy> ws.msg.talk: {"msg":{"ts":1789168974,"type":"talk"},"talk":{"muted":false,"tx":false,"cmd":"userinfo","user":"bob","privs":"admin,edit,view,radio,tx,elmer,syslog,chat,restart","sessions":1}}
<event.match@crazy> Event ws.msg.talk from cptr:<(nil)> hit 1 times
<ws.talk@debug> UserInfo: bob has privs 'admin,edit,view,radio,tx,elmer,syslog,chat,restart' (TX: false, Muted: false, sessions: 1)
<event@crazy> send event userinfo: {"msg":{"ts":1789168974,"type":"talk"},"talk":{"muted":false,"tx":false,"cmd":"userinfo","user":"bob","privs":"admin,edit,view,radio,tx,elmer,syslog,chat,restart","sessions":1}}
<event@crazy> Firing event userinfo from cptr:<0x55d1b1ce8ff0> with data:<0x55d1b1cf5690> user:(null)
<userlist@info> Updating userlist entry for bob at <0x55d1b1cfc4f0>
<event.match@crazy> Event userinfo from cptr:<0x55d1b1ce8ff0> hit 1 times
<http@crazy> ws_handle_cli: msg={"msg":{"ts":1789168979,"type":"talk"},"talk":{"muted":false,"tx":true,"cmd":"userinfo","user":"admin","privs":"admin,edit,view,radio,tx,elmer,syslog,chat","sessions":1}}
<event@crazy> send event ws.msg.talk: {"msg":{"ts":1789168979,"type":"talk"},"talk":{"muted":false,"tx":true,"cmd":"userinfo","user":"admin","privs":"admin,edit,view,radio,tx,elmer,syslog,chat","sessions":1}}
<event@crazy> Firing event ws.msg.talk from cptr:<(nil)> with data:<0x55d1b1cfac70> user:(null)
<ws.talk@crazy> ws.msg.talk: {"msg":{"ts":1789168979,"type":"talk"},"talk":{"muted":false,"tx":true,"cmd":"userinfo","user":"admin","privs":"admin,edit,view,radio,tx,elmer,syslog,chat","sessions":1}}
<event.match@crazy> Event ws.msg.talk from cptr:<(nil)> hit 1 times
<ws.talk@debug> UserInfo: admin has privs 'admin,edit,view,radio,tx,elmer,syslog,chat' (TX: false, Muted: false, sessions: 1)
<event@crazy> send event userinfo: {"msg":{"ts":1789168979,"type":"talk"},"talk":{"muted":false,"tx":true,"cmd":"userinfo","user":"admin","privs":"admin,edit,view,radio,tx,elmer,syslog,chat","sessions":1}}
<event@crazy> Firing event userinfo from cptr:<0x55d1b1ce8ff0> with data:<0x55d1b1cf5690> user:(null)
<userlist@info> Updating userlist entry for admin at <0x55d1b1cfaaf0>
<event.match@crazy> Event userinfo from cptr:<0x55d1b1ce8ff0> hit 1 times
<http@crazy> ws_handle_cli: msg={"msg":{"ts":1789168979,"type":"cat"},"cat":{"user":"admin","mode":"USB","vfo":"A","power":0,"width":3000,"ptt":true,"cmd":"ptt","freq":14074000}}
<event@crazy> send event ws.msg.cat: {"msg":{"ts":1789168979,"type":"cat"},"cat":{"cmd":"ptt","mode":"USB","vfo":"A","power":0,"width":3000,"ptt":true,"user":"admin","freq":14074000}}
<event@crazy> Firing event ws.msg.cat from cptr:<(nil)> with data:<0x55d1b1cf5690> user:(null)
<vfo@crazy> vfo_set_dict: VFO A
<event.match@crazy> Event ws.msg.cat from cptr:<(nil)> hit 1 times
<ws.cat@crazy> Got cat.cmd ptt from admin on vfo A
<ws.cat@info> admin started transmitting
<event@crazy> send event ptt.tx: {"tx":{"state":true,"user":"admin"}}
<event.nomatch@crazy> Event ptt.tx didn't match; firing NOMATCH
<event@crazy> Firing event ptt.tx from cptr:<(nil)> with data:<0x55d1b1cf5690> user:(null)
<ws.nomatch@crazy> Got NOMATCH hit with json: {"tx":{"state":true,"user":"admin"}}
<ws.nomatch@debug> Unhandled msg.type:|<NONE>|
<http@crazy> ws_handle_cli: msg={"msg":{"ts":1789168979,"type":"cat.state"},"cat":{"state":{"ptt":true,"mode":"USB","vfo":"A","width":3000,"freq":14074000}}}
<event@crazy> send event ws.msg.cat.state: {"msg":{"ts":1789168979,"type":"cat.state"},"cat":{"state":{"ptt":true,"mode":"USB","vfo":"A","width":3000,"freq":14074000}}}
<event@crazy> Firing event ws.msg.cat.state from cptr:<(nil)> with data:<0x55d1b1cf5690> user:(null)
<vfo@crazy> vfo_set_dict: VFO A
<vfo@crazy> vfo_parse_mode: USB
<event.match@crazy> Event ws.msg.cat.state from cptr:<(nil)> hit 1 times
<http.ws@crazy> ws_txtframe_dispatch: No matches for message: {"msg":{"ts":1789168979,"type":"cat.state"},"cat":{"state":{"ptt":true,"mode":"USB","vfo":"A","width":3000,"freq":14074000}}}
<http@crazy> ws_handle_cli: msg={"msg":{"ts":1789168979,"type":"cat"},"cat":{"user":"admin","state":{"active":true,"ptt":true,"mode":"USB","vfo":"A","power":0,"width":3000,"freq":14074000,"widths":"1800,3000,3600"}}}
<event@crazy> send event ws.msg.cat: {"msg":{"ts":1789168979,"type":"cat"},"cat":{"user":"admin","state":{"active":true,"ptt":true,"mode":"USB","vfo":"A","width":3000,"power":0,"freq":14074000,"widths":"1800,3000,3600"}}}
<event@crazy> Firing event ws.msg.cat from cptr:<(nil)> with data:<0x55d1b1cf5690> user:(null)
<vfo@crazy> vfo_set_dict: VFO A
<vfo@crazy> vfo_parse_mode: USB
<event.match@crazy> Event ws.msg.cat from cptr:<(nil)> hit 1 times
<ws.cat@debug> user:<0x55d1b1cfb2a0> = |admin|
<ws.rigctl@crazy> Set MODE to USB
<http@crazy> ws_handle_cli: msg={"msg":{"ts":1789168979,"type":"cat"},"cat":{"user":"admin","state":{"active":false,"ptt":false,"mode":"USB","vfo":"B","power":0,"width":3000,"freq":14074000,"widths":"1800,3000,3600"}}}
<event@crazy> send event ws.msg.cat: {"msg":{"ts":1789168979,"type":"cat"},"cat":{"user":"admin","state":{"active":false,"ptt":false,"mode":"USB","vfo":"B","width":3000,"power":0,"freq":14074000,"widths":"1800,3000,3600"}}}
<event@crazy> Firing event ws.msg.cat from cptr:<(nil)> with data:<0x55d1b1cf5690> user:(null)
<vfo@crazy> vfo_set_dict: VFO B
<vfo@crazy> vfo_parse_mode: USB
<event.match@crazy> Event ws.msg.cat from cptr:<(nil)> hit 1 times
<ws.cat@debug> user:<0x55d1b1cfaab0> = |admin|
<http@crazy> ws_handle_cli: msg={"msg":{"ts":1789168994,"type":"cat"},"cat":{"user":"admin","state":{"active":true,"ptt":true,"mode":"USB","vfo":"A","power":0,"width":3000,"freq":14074000,"widths":"1800,3000,3600"}}}
<event@crazy> send event ws.msg.cat: {"msg":{"ts":1789168994,"type":"cat"},"cat":{"user":"admin","state":{"active":true,"ptt":true,"mode":"USB","vfo":"A","width":3000,"power":0,"freq":14074000,"widths":"1800,3000,3600"}}}
<event@crazy> Firing event ws.msg.cat from cptr:<(nil)> with data:<0x55d1b1cf5690> user:(null)
<vfo@crazy> vfo_set_dict: VFO A
<vfo@crazy> vfo_parse_mode: USB
<event.match@crazy> Event ws.msg.cat from cptr:<(nil)> hit 1 times
<ws.cat@debug> user:<0x55d1b1cfa8c0> = |admin|
<http@crazy> ws_handle_cli: msg={"msg":{"ts":1789168994,"type":"cat"},"cat":{"user":"admin","state":{"active":false,"ptt":false,"mode":"USB","vfo":"B","power":0,"width":3000,"freq":14074000,"widths":"1800,3000,3600"}}}
<event@crazy> send event ws.msg.cat: {"msg":{"ts":1789168994,"type":"cat"},"cat":{"user":"admin","state":{"active":false,"ptt":false,"mode":"USB","vfo":"B","width":3000,"power":0,"freq":14074000,"widths":"1800,3000,3600"}}}
<event@crazy> Firing event ws.msg.cat from cptr:<(nil)> with data:<0x55d1b1cf5690> user:(null)
<vfo@crazy> vfo_set_dict: VFO B
<vfo@crazy> vfo_parse_mode: USB
<event.match@crazy> Event ws.msg.cat from cptr:<(nil)> hit 1 times
<ws.cat@debug> user:<0x55d1b1cfb5c0> = |admin|
<http@crazy> ws_handle_cli: msg={"msg":{"ts":1789169009,"type":"cat"},"cat":{"user":"admin","state":{"active":true,"ptt":true,"mode":"USB","vfo":"A","power":0,"width":3000,"freq":14074000,"widths":"1800,3000,3600"}}}
<event@crazy> send event ws.msg.cat: {"msg":{"ts":1789169009,"type":"cat"},"cat":{"user":"admin","state":{"active":true,"ptt":true,"mode":"USB","vfo":"A","width":3000,"power":0,"freq":14074000,"widths":"1800,3000,3600"}}}
<event@crazy> Firing event ws.msg.cat from cptr:<(nil)> with data:<0x55d1b1cf5690> user:(null)
<vfo@crazy> vfo_set_dict: VFO A
<vfo@crazy> vfo_parse_mode: USB
<event.match@crazy> Event ws.msg.cat from cptr:<(nil)> hit 1 times
<ws.cat@debug> user:<0x55d1b1cd1250> = |admin|
<http@crazy> ws_handle_cli: msg={"msg":{"ts":1789169009,"type":"cat"},"cat":{"user":"admin","state":{"active":false,"ptt":false,"mode":"USB","vfo":"B","power":0,"width":3000,"freq":14074000,"widths":"1800,3000,3600"}}}
<event@crazy> send event ws.msg.cat: {"msg":{"ts":1789169009,"type":"cat"},"cat":{"user":"admin","state":{"active":false,"ptt":false,"mode":"USB","vfo":"B","width":3000,"power":0,"freq":14074000,"widths":"1800,3000,3600"}}}
<event@crazy> Firing event ws.msg.cat from cptr:<(nil)> with data:<0x55d1b1cf5690> user:(null)
<vfo@crazy> vfo_set_dict: VFO B
<vfo@crazy> vfo_parse_mode: USB
<event.match@crazy> Event ws.msg.cat from cptr:<(nil)> hit 1 times
<ws.cat@debug> user:<0x55d1b1cfac50> = |admin|
<http@crazy> ws_handle_cli: msg={"msg":{"ts":1789169024,"type":"cat"},"cat":{"user":"admin","state":{"active":true,"ptt":true,"mode":"USB","vfo":"A","power":0,"width":3000,"freq":14074000,"widths":"1800,3000,3600"}}}
<event@crazy> send event ws.msg.cat: {"msg":{"ts":1789169024,"type":"cat"},"cat":{"user":"admin","state":{"active":true,"ptt":true,"mode":"USB","vfo":"A","width":3000,"power":0,"freq":14074000,"widths":"1800,3000,3600"}}}
<event@crazy> Firing event ws.msg.cat from cptr:<(nil)> with data:<0x55d1b1cf5690> user:(null)
<vfo@crazy> vfo_set_dict: VFO A
<vfo@crazy> vfo_parse_mode: USB
<event.match@crazy> Event ws.msg.cat from cptr:<(nil)> hit 1 times
<ws.cat@debug> user:<0x55d1b1cf9a60> = |admin|
<http@crazy> ws_handle_cli: msg={"msg":{"ts":1789169024,"type":"cat"},"cat":{"user":"admin","state":{"active":false,"ptt":false,"mode":"USB","vfo":"B","power":0,"width":3000,"freq":14074000,"widths":"1800,3000,3600"}}}
<event@crazy> send event ws.msg.cat: {"msg":{"ts":1789169024,"type":"cat"},"cat":{"user":"admin","state":{"active":false,"ptt":false,"mode":"USB","vfo":"B","width":3000,"power":0,"freq":14074000,"widths":"1800,3000,3600"}}}
<event@crazy> Firing event ws.msg.cat from cptr:<(nil)> with data:<0x55d1b1cf5690> user:(null)
<vfo@crazy> vfo_set_dict: VFO B
<vfo@crazy> vfo_parse_mode: USB
<event.match@crazy> Event ws.msg.cat from cptr:<(nil)> hit 1 times
<ws.cat@debug> user:<0x55d1b1cfb300> = |admin|
<http@crazy> ws_handle_cli: msg={"msg":{"ts":1789169031,"type":"talk"},"talk":{"muted":false,"tx":false,"cmd":"userinfo","user":"admin","privs":"admin,edit,view,radio,tx,elmer,syslog,chat","sessions":1}}
<event@crazy> send event ws.msg.talk: {"msg":{"ts":1789169031,"type":"talk"},"talk":{"muted":false,"tx":false,"cmd":"userinfo","user":"admin","privs":"admin,edit,view,radio,tx,elmer,syslog,chat","sessions":1}}
<event@crazy> Firing event ws.msg.talk from cptr:<(nil)> with data:<0x55d1b1cfac70> user:(null)
<ws.talk@crazy> ws.msg.talk: {"msg":{"ts":1789169031,"type":"talk"},"talk":{"muted":false,"tx":false,"cmd":"userinfo","user":"admin","privs":"admin,edit,view,radio,tx,elmer,syslog,chat","sessions":1}}
<event.match@crazy> Event ws.msg.talk from cptr:<(nil)> hit 1 times
<ws.talk@debug> UserInfo: admin has privs 'admin,edit,view,radio,tx,elmer,syslog,chat' (TX: false, Muted: false, sessions: 1)
<event@crazy> send event userinfo: {"msg":{"ts":1789169031,"type":"talk"},"talk":{"muted":false,"tx":false,"cmd":"userinfo","user":"admin","privs":"admin,edit,view,radio,tx,elmer,syslog,chat","sessions":1}}
<event@crazy> Firing event userinfo from cptr:<0x55d1b1ce8ff0> with data:<0x55d1b1cf5690> user:(null)
<userlist@info> Updating userlist entry for admin at <0x55d1b1cfaaf0>
<event.match@crazy> Event userinfo from cptr:<0x55d1b1ce8ff0> hit 1 times
<http@crazy> ws_handle_cli: msg={"msg":{"ts":1789169031,"type":"cat"},"cat":{"user":"admin","mode":"USB","vfo":"A","power":0,"width":3000,"ptt":false,"cmd":"ptt","freq":14074000}}
<event@crazy> send event ws.msg.cat: {"msg":{"ts":1789169031,"type":"cat"},"cat":{"cmd":"ptt","mode":"USB","vfo":"A","power":0,"width":3000,"ptt":false,"user":"admin","freq":14074000}}
<event@crazy> Firing event ws.msg.cat from cptr:<(nil)> with data:<0x55d1b1cf5690> user:(null)
<vfo@crazy> vfo_set_dict: VFO A
<event.match@crazy> Event ws.msg.cat from cptr:<(nil)> hit 1 times
<ws.cat@crazy> Got cat.cmd ptt from admin on vfo A
<ws.cat@info> admin stopped transmitting
<event@crazy> send event ptt.tx: {"tx":{"state":false,"user":"admin"}}
<event.nomatch@crazy> Event ptt.tx didn't match; firing NOMATCH
<event@crazy> Firing event ptt.tx from cptr:<(nil)> with data:<0x55d1b1cf5690> user:(null)
<ws.nomatch@crazy> Got NOMATCH hit with json: {"tx":{"state":false,"user":"admin"}}
<ws.nomatch@debug> Unhandled msg.type:|<NONE>|
<http@crazy> ws_handle_cli: msg={"msg":{"ts":1789169031,"type":"cat.state"},"cat":{"state":{"ptt":false,"mode":"USB","vfo":"A","width":3000,"freq":14074000}}}
<event@crazy> send event ws.msg.cat.state: {"msg":{"ts":1789169031,"type":"cat.state"},"cat":{"state":{"ptt":false,"mode":"USB","vfo":"A","width":3000,"freq":14074000}}}
<event@crazy> Firing event ws.msg.cat.state from cptr:<(nil)> with data:<0x55d1b1cf5690> user:(null)
<vfo@crazy> vfo_set_dict: VFO A
<vfo@crazy> vfo_parse_mode: USB
<event.match@crazy> Event ws.msg.cat.state from cptr:<(nil)> hit 1 times
<http.ws@crazy> ws_txtframe_dispatch: No matches for message: {"msg":{"ts":1789169031,"type":"cat.state"},"cat":{"state":{"ptt":false,"mode":"USB","vfo":"A","width":3000,"freq":14074000}}}
<http@crazy> ws_handle_cli: msg={"msg":{"ts":1789169031,"type":"cat"},"cat":{"user":"","state":{"active":true,"ptt":false,"mode":"USB","vfo":"A","power":0,"width":3000,"freq":14074000,"widths":"1800,3000,3600"}}}
<event@crazy> send event ws.msg.cat: {"msg":{"ts":1789169031,"type":"cat"},"cat":{"user":"","state":{"active":true,"ptt":false,"mode":"USB","vfo":"A","width":3000,"power":0,"freq":14074000,"widths":"1800,3000,3600"}}}
<event@crazy> Firing event ws.msg.cat from cptr:<(nil)> with data:<0x55d1b1cf5690> user:(null)
<vfo@crazy> vfo_set_dict: VFO A
<vfo@crazy> vfo_parse_mode: USB
<event.match@crazy> Event ws.msg.cat from cptr:<(nil)> hit 1 times
<http@crazy> ws_handle_cli: msg={"msg":{"ts":1789169031,"type":"cat"},"cat":{"user":"","state":{"active":false,"ptt":false,"mode":"USB","vfo":"B","power":0,"width":3000,"freq":14074000,"widths":"1800,3000,3600"}}}
<event@crazy> send event ws.msg.cat: {"msg":{"ts":1789169031,"type":"cat"},"cat":{"user":"","state":{"active":false,"ptt":false,"mode":"USB","vfo":"B","width":3000,"power":0,"freq":14074000,"widths":"1800,3000,3600"}}}
<event@crazy> Firing event ws.msg.cat from cptr:<(nil)> with data:<0x55d1b1cf5690> user:(null)
<vfo@crazy> vfo_set_dict: VFO B
<vfo@crazy> vfo_parse_mode: USB
<event.match@crazy> Event ws.msg.cat from cptr:<(nil)> hit 1 times
<http@crazy> ws_handle_cli: msg={"ping":{"ts":80689751467},"msg":{"ts":1789169044,"type":"ping"}}
<event@crazy> send event ws.msg.ping: {"msg":{"ts":1789169044,"type":"ping"},"ping":{"ts":80689751467}}
<event@crazy> Firing event ws.msg.ping from cptr:<(nil)> with data:<0x55d1b1cf5690> user:(null)
<ws.ping@crazy> Server ping: {"msg":{"ts":1789169044,"type":"ping"},"ping":{"ts":80689751467}}
<event.match@crazy> Event ws.msg.ping from cptr:<(nil)> hit 1 times
<ws.proto@crazy> Sending dict <0x55d1b1cfae00> to conn <0x55d1b1ce8ff0>: {"ping":{"ts":80689751467},"msg":{"ts":1789169044,"type":"pong"}}
<http@crazy> ws_handle_cli: msg={"msg":{"ts":1789169046,"type":"cat"},"cat":{"user":"","state":{"active":true,"ptt":false,"mode":"USB","vfo":"A","power":0,"width":3000,"freq":14074000,"widths":"1800,3000,3600"}}}
<event@crazy> send event ws.msg.cat: {"msg":{"ts":1789169046,"type":"cat"},"cat":{"user":"","state":{"active":true,"ptt":false,"mode":"USB","vfo":"A","width":3000,"power":0,"freq":14074000,"widths":"1800,3000,3600"}}}
<event@crazy> Firing event ws.msg.cat from cptr:<(nil)> with data:<0x55d1b1cf5690> user:(null)
<vfo@crazy> vfo_set_dict: VFO A
<vfo@crazy> vfo_parse_mode: USB
<event.match@crazy> Event ws.msg.cat from cptr:<(nil)> hit 1 times
<http@crazy> ws_handle_cli: msg={"msg":{"ts":1789169046,"type":"cat"},"cat":{"user":"","state":{"active":false,"ptt":false,"mode":"USB","vfo":"B","power":0,"width":3000,"freq":14074000,"widths":"1800,3000,3600"}}}
<event@crazy> send event ws.msg.cat: {"msg":{"ts":1789169046,"type":"cat"},"cat":{"user":"","state":{"active":false,"ptt":false,"mode":"USB","vfo":"B","width":3000,"power":0,"freq":14074000,"widths":"1800,3000,3600"}}}
<event@crazy> Firing event ws.msg.cat from cptr:<(nil)> with data:<0x55d1b1cf5690> user:(null)
<vfo@crazy> vfo_set_dict: VFO B
<vfo@crazy> vfo_parse_mode: USB
<event.match@crazy> Event ws.msg.cat from cptr:<(nil)> hit 1 times
<http@crazy> ws_handle_cli: msg={"msg":{"ts":1789169061,"type":"cat"},"cat":{"user":"","state":{"active":true,"ptt":false,"mode":"USB","vfo":"A","power":0,"width":3000,"freq":14074000,"widths":"1800,3000,3600"}}}
<event@crazy> send event ws.msg.cat: {"msg":{"ts":1789169061,"type":"cat"},"cat":{"user":"","state":{"active":true,"ptt":false,"mode":"USB","vfo":"A","width":3000,"power":0,"freq":14074000,"widths":"1800,3000,3600"}}}
<event@crazy> Firing event ws.msg.cat from cptr:<(nil)> with data:<0x55d1b1cf5690> user:(null)
<vfo@crazy> vfo_set_dict: VFO A
<vfo@crazy> vfo_parse_mode: USB
<event.match@crazy> Event ws.msg.cat from cptr:<(nil)> hit 1 times
<http@crazy> ws_handle_cli: msg={"msg":{"ts":1789169061,"type":"cat"},"cat":{"user":"","state":{"active":false,"ptt":false,"mode":"USB","vfo":"B","power":0,"width":3000,"freq":14074000,"widths":"1800,3000,3600"}}}
<event@crazy> send event ws.msg.cat: {"msg":{"ts":1789169061,"type":"cat"},"cat":{"user":"","state":{"active":false,"ptt":false,"mode":"USB","vfo":"B","width":3000,"power":0,"freq":14074000,"widths":"1800,3000,3600"}}}
<event@crazy> Firing event ws.msg.cat from cptr:<(nil)> with data:<0x55d1b1cf5690> user:(null)
<vfo@crazy> vfo_set_dict: VFO B
<vfo@crazy> vfo_parse_mode: USB
<event.match@crazy> Event ws.msg.cat from cptr:<(nil)> hit 1 times
<http@crazy> ws_handle_cli: msg={"msg":{"ts":1789169076,"type":"cat"},"cat":{"user":"","state":{"active":true,"ptt":false,"mode":"USB","vfo":"A","power":0,"width":3000,"freq":14074000,"widths":"1800,3000,3600"}}}
<event@crazy> send event ws.msg.cat: {"msg":{"ts":1789169076,"type":"cat"},"cat":{"user":"","state":{"active":true,"ptt":false,"mode":"USB","vfo":"A","width":3000,"power":0,"freq":14074000,"widths":"1800,3000,3600"}}}
<event@crazy> Firing event ws.msg.cat from cptr:<(nil)> with data:<0x55d1b1cf5690> user:(null)
<vfo@crazy> vfo_set_dict: VFO A
<vfo@crazy> vfo_parse_mode: USB
<event.match@crazy> Event ws.msg.cat from cptr:<(nil)> hit 1 times
<http@crazy> ws_handle_cli: msg={"msg":{"ts":1789169076,"type":"cat"},"cat":{"user":"","state":{"active":false,"ptt":false,"mode":"USB","vfo":"B","power":0,"width":3000,"freq":14074000,"widths":"1800,3000,3600"}}}
<event@crazy> send event ws.msg.cat: {"msg":{"ts":1789169076,"type":"cat"},"cat":{"user":"","state":{"active":false,"ptt":false,"mode":"USB","vfo":"B","width":3000,"power":0,"freq":14074000,"widths":"1800,3000,3600"}}}
<event@crazy> Firing event ws.msg.cat from cptr:<(nil)> with data:<0x55d1b1cf5690> user:(null)
<vfo@crazy> vfo_set_dict: VFO B
<vfo@crazy> vfo_parse_mode: USB
<event.match@crazy> Event ws.msg.cat from cptr:<(nil)> hit 1 times
<http@crazy> ws_handle_cli: msg={"msg":{"ts":1789169091,"type":"cat"},"cat":{"user":"","state":{"active":true,"ptt":false,"mode":"USB","vfo":"A","power":0,"width":3000,"freq":14074000,"widths":"1800,3000,3600"}}}
<event@crazy> send event ws.msg.cat: {"msg":{"ts":1789169091,"type":"cat"},"cat":{"user":"","state":{"active":true,"ptt":false,"mode":"USB","vfo":"A","width":3000,"power":0,"freq":14074000,"widths":"1800,3000,3600"}}}
<event@crazy> Firing event ws.msg.cat from cptr:<(nil)> with data:<0x55d1b1cf5690> user:(null)
<vfo@crazy> vfo_set_dict: VFO A
<vfo@crazy> vfo_parse_mode: USB
<event.match@crazy> Event ws.msg.cat from cptr:<(nil)> hit 1 times
<http@crazy> ws_handle_cli: msg={"msg":{"ts":1789169091,"type":"cat"},"cat":{"user":"","state":{"active":false,"ptt":false,"mode":"USB","vfo":"B","power":0,"width":3000,"freq":14074000,"widths":"1800,3000,3600"}}}
<event@crazy> send event ws.msg.cat: {"msg":{"ts":1789169091,"type":"cat"},"cat":{"user":"","state":{"active":false,"ptt":false,"mode":"USB","vfo":"B","width":3000,"power":0,"freq":14074000,"widths":"1800,3000,3600"}}}
<event@crazy> Firing event ws.msg.cat from cptr:<(nil)> with data:<0x55d1b1cf5690> user:(null)
<vfo@crazy> vfo_set_dict: VFO B
<vfo@crazy> vfo_parse_mode: USB
<event.match@crazy> Event ws.msg.cat from cptr:<(nil)> hit 1 times
<http@crazy> ws_handle_cli: msg={"msg":{"ts":1789169106,"type":"cat"},"cat":{"user":"","state":{"active":true,"ptt":false,"mode":"USB","vfo":"A","power":0,"width":3000,"freq":14074000,"widths":"1800,3000,3600"}}}
<event@crazy> send event ws.msg.cat: {"msg":{"ts":1789169106,"type":"cat"},"cat":{"user":"","state":{"active":true,"ptt":false,"mode":"USB","vfo":"A","width":3000,"power":0,"freq":14074000,"widths":"1800,3000,3600"}}}
<event@crazy> Firing event ws.msg.cat from cptr:<(nil)> with data:<0x55d1b1cf5690> user:(null)
<vfo@crazy> vfo_set_dict: VFO A
<vfo@crazy> vfo_parse_mode: USB
<event.match@crazy> Event ws.msg.cat from cptr:<(nil)> hit 1 times
<http@crazy> ws_handle_cli: msg={"msg":{"ts":1789169106,"type":"cat"},"cat":{"user":"","state":{"active":false,"ptt":false,"mode":"USB","vfo":"B","power":0,"width":3000,"freq":14074000,"widths":"1800,3000,3600"}}}
<event@crazy> send event ws.msg.cat: {"msg":{"ts":1789169106,"type":"cat"},"cat":{"user":"","state":{"active":false,"ptt":false,"mode":"USB","vfo":"B","width":3000,"power":0,"freq":14074000,"widths":"1800,3000,3600"}}}
<event@crazy> Firing event ws.msg.cat from cptr:<(nil)> with data:<0x55d1b1cf5690> user:(null)
<vfo@crazy> vfo_set_dict: VFO B
<vfo@crazy> vfo_parse_mode: USB
<event.match@crazy> Event ws.msg.cat from cptr:<(nil)> hit 1 times
<http@crazy> ws_handle_cli: msg={"ping":{"ts":80752393735},"msg":{"ts":1789169107,"type":"ping"}}
<event@crazy> send event ws.msg.ping: {"msg":{"ts":1789169107,"type":"ping"},"ping":{"ts":80752393735}}
<event@crazy> Firing event ws.msg.ping from cptr:<(nil)> with data:<0x55d1b1cf5690> user:(null)
<ws.ping@crazy> Server ping: {"msg":{"ts":1789169107,"type":"ping"},"ping":{"ts":80752393735}}
<event.match@crazy> Event ws.msg.ping from cptr:<(nil)> hit 1 times
<ws.proto@crazy> Sending dict <0x55d1b1cfb420> to conn <0x55d1b1ce8ff0>: {"ping":{"ts":80752393735},"msg":{"ts":1789169107,"type":"pong"}}
<http@crazy> ws_handle_cli: msg={"msg":{"ts":1789169121,"type":"cat"},"cat":{"user":"","state":{"active":true,"ptt":false,"mode":"USB","vfo":"A","power":0,"width":3000,"freq":14074000,"widths":"1800,3000,3600"}}}
<event@crazy> send event ws.msg.cat: {"msg":{"ts":1789169121,"type":"cat"},"cat":{"user":"","state":{"active":true,"ptt":false,"mode":"USB","vfo":"A","width":3000,"power":0,"freq":14074000,"widths":"1800,3000,3600"}}}
<event@crazy> Firing event ws.msg.cat from cptr:<(nil)> with data:<0x55d1b1cf5690> user:(null)
<vfo@crazy> vfo_set_dict: VFO A
<vfo@crazy> vfo_parse_mode: USB
<event.match@crazy> Event ws.msg.cat from cptr:<(nil)> hit 1 times
<http@crazy> ws_handle_cli: msg={"msg":{"ts":1789169121,"type":"cat"},"cat":{"user":"","state":{"active":false,"ptt":false,"mode":"USB","vfo":"B","power":0,"width":3000,"freq":14074000,"widths":"1800,3000,3600"}}}
<event@crazy> send event ws.msg.cat: {"msg":{"ts":1789169121,"type":"cat"},"cat":{"user":"","state":{"active":false,"ptt":false,"mode":"USB","vfo":"B","width":3000,"power":0,"freq":14074000,"widths":"1800,3000,3600"}}}
<event@crazy> Firing event ws.msg.cat from cptr:<(nil)> with data:<0x55d1b1cf5690> user:(null)
<vfo@crazy> vfo_set_dict: VFO B
<vfo@crazy> vfo_parse_mode: USB
<event.match@crazy> Event ws.msg.cat from cptr:<(nil)> hit 1 times
<http@crazy> ws_handle_cli: msg={"msg":{"ts":1789169136,"type":"cat"},"cat":{"user":"","state":{"active":true,"ptt":false,"mode":"USB","vfo":"A","power":0,"width":3000,"freq":14074000,"widths":"1800,3000,3600"}}}
<event@crazy> send event ws.msg.cat: {"msg":{"ts":1789169136,"type":"cat"},"cat":{"user":"","state":{"active":true,"ptt":false,"mode":"USB","vfo":"A","width":3000,"power":0,"freq":14074000,"widths":"1800,3000,3600"}}}
<event@crazy> Firing event ws.msg.cat from cptr:<(nil)> with data:<0x55d1b1cf5690> user:(null)
<vfo@crazy> vfo_set_dict: VFO A
<vfo@crazy> vfo_parse_mode: USB
<event.match@crazy> Event ws.msg.cat from cptr:<(nil)> hit 1 times
<http@crazy> ws_handle_cli: msg={"msg":{"ts":1789169136,"type":"cat"},"cat":{"user":"","state":{"active":false,"ptt":false,"mode":"USB","vfo":"B","power":0,"width":3000,"freq":14074000,"widths":"1800,3000,3600"}}}
<event@crazy> send event ws.msg.cat: {"msg":{"ts":1789169136,"type":"cat"},"cat":{"user":"","state":{"active":false,"ptt":false,"mode":"USB","vfo":"B","width":3000,"power":0,"freq":14074000,"widths":"1800,3000,3600"}}}
<event@crazy> Firing event ws.msg.cat from cptr:<(nil)> with data:<0x55d1b1cf5690> user:(null)
<vfo@crazy> vfo_set_dict: VFO B
<vfo@crazy> vfo_parse_mode: USB
<event.match@crazy> Event ws.msg.cat from cptr:<(nil)> hit 1 times
<http@crazy> ws_handle_cli: msg={"msg":{"ts":1789169151,"type":"cat"},"cat":{"user":"","state":{"active":true,"ptt":false,"mode":"USB","vfo":"A","power":0,"width":3000,"freq":14074000,"widths":"1800,3000,3600"}}}
<event@crazy> send event ws.msg.cat: {"msg":{"ts":1789169151,"type":"cat"},"cat":{"user":"","state":{"active":true,"ptt":false,"mode":"USB","vfo":"A","width":3000,"power":0,"freq":14074000,"widths":"1800,3000,3600"}}}
<event@crazy> Firing event ws.msg.cat from cptr:<(nil)> with data:<0x55d1b1cf5690> user:(null)
<vfo@crazy> vfo_set_dict: VFO A
<vfo@crazy> vfo_parse_mode: USB
<event.match@crazy> Event ws.msg.cat from cptr:<(nil)> hit 1 times
<http@crazy> ws_handle_cli: msg={"msg":{"ts":1789169151,"type":"cat"},"cat":{"user":"","state":{"active":false,"ptt":false,"mode":"USB","vfo":"B","power":0,"width":3000,"freq":14074000,"widths":"1800,3000,3600"}}}
<event@crazy> send event ws.msg.cat: {"msg":{"ts":1789169151,"type":"cat"},"cat":{"user":"","state":{"active":false,"ptt":false,"mode":"USB","vfo":"B","width":3000,"power":0,"freq":14074000,"widths":"1800,3000,3600"}}}
<event@crazy> Firing event ws.msg.cat from cptr:<(nil)> with data:<0x55d1b1cf5690> user:(null)
<vfo@crazy> vfo_set_dict: VFO B
<vfo@crazy> vfo_parse_mode: USB
<event.match@crazy> Event ws.msg.cat from cptr:<(nil)> hit 1 times
<http@crazy> ws_handle_cli: msg={"msg":{"ts":1789169166,"type":"cat"},"cat":{"user":"","state":{"active":true,"ptt":false,"mode":"USB","vfo":"A","power":0,"width":3000,"freq":14074000,"widths":"1800,3000,3600"}}}
<event@crazy> send event ws.msg.cat: {"msg":{"ts":1789169166,"type":"cat"},"cat":{"user":"","state":{"active":true,"ptt":false,"mode":"USB","vfo":"A","width":3000,"power":0,"freq":14074000,"widths":"1800,3000,3600"}}}
<event@crazy> Firing event ws.msg.cat from cptr:<(nil)> with data:<0x55d1b1cf5690> user:(null)
<vfo@crazy> vfo_set_dict: VFO A
<vfo@crazy> vfo_parse_mode: USB
<event.match@crazy> Event ws.msg.cat from cptr:<(nil)> hit 1 times
<http@crazy> ws_handle_cli: msg={"msg":{"ts":1789169166,"type":"cat"},"cat":{"user":"","state":{"active":false,"ptt":false,"mode":"USB","vfo":"B","power":0,"width":3000,"freq":14074000,"widths":"1800,3000,3600"}}}
<event@crazy> send event ws.msg.cat: {"msg":{"ts":1789169166,"type":"cat"},"cat":{"user":"","state":{"active":false,"ptt":false,"mode":"USB","vfo":"B","width":3000,"power":0,"freq":14074000,"widths":"1800,3000,3600"}}}
<event@crazy> Firing event ws.msg.cat from cptr:<(nil)> with data:<0x55d1b1cf5690> user:(null)
<vfo@crazy> vfo_set_dict: VFO B
<vfo@crazy> vfo_parse_mode: USB
<event.match@crazy> Event ws.msg.cat from cptr:<(nil)> hit 1 times
<http@crazy> ws_handle_cli: msg={"ping":{"ts":80814583994},"msg":{"ts":1789169169,"type":"ping"}}
<event@crazy> send event ws.msg.ping: {"msg":{"ts":1789169169,"type":"ping"},"ping":{"ts":80814583994}}
<event@crazy> Firing event ws.msg.ping from cptr:<(nil)> with data:<0x55d1b1cf5690> user:(null)
<ws.ping@crazy> Server ping: {"msg":{"ts":1789169169,"type":"ping"},"ping":{"ts":80814583994}}
<event.match@crazy> Event ws.msg.ping from cptr:<(nil)> hit 1 times
<ws.proto@crazy> Sending dict <0x55d1b1cf9e50> to conn <0x55d1b1ce8ff0>: {"ping":{"ts":80814583994},"msg":{"ts":1789169169,"type":"pong"}}
<http@crazy> ws_handle_cli: msg={"msg":{"ts":1789169181,"type":"cat"},"cat":{"user":"","state":{"active":true,"ptt":false,"mode":"USB","vfo":"A","power":0,"width":3000,"freq":14074000,"widths":"1800,3000,3600"}}}
<event@crazy> send event ws.msg.cat: {"msg":{"ts":1789169181,"type":"cat"},"cat":{"user":"","state":{"active":true,"ptt":false,"mode":"USB","vfo":"A","width":3000,"power":0,"freq":14074000,"widths":"1800,3000,3600"}}}
<event@crazy> Firing event ws.msg.cat from cptr:<(nil)> with data:<0x55d1b1cf5690> user:(null)
<vfo@crazy> vfo_set_dict: VFO A
<vfo@crazy> vfo_parse_mode: USB
<event.match@crazy> Event ws.msg.cat from cptr:<(nil)> hit 1 times
<http@crazy> ws_handle_cli: msg={"msg":{"ts":1789169181,"type":"cat"},"cat":{"user":"","state":{"active":false,"ptt":false,"mode":"USB","vfo":"B","power":0,"width":3000,"freq":14074000,"widths":"1800,3000,3600"}}}
<event@crazy> send event ws.msg.cat: {"msg":{"ts":1789169181,"type":"cat"},"cat":{"user":"","state":{"active":false,"ptt":false,"mode":"USB","vfo":"B","width":3000,"power":0,"freq":14074000,"widths":"1800,3000,3600"}}}
<event@crazy> Firing event ws.msg.cat from cptr:<(nil)> with data:<0x55d1b1cf5690> user:(null)
<vfo@crazy> vfo_set_dict: VFO B
<vfo@crazy> vfo_parse_mode: USB
<event.match@crazy> Event ws.msg.cat from cptr:<(nil)> hit 1 times
<http@crazy> ws_handle_cli: msg={"msg":{"ts":1789169196,"type":"cat"},"cat":{"user":"","state":{"active":true,"ptt":false,"mode":"USB","vfo":"A","power":0,"width":3000,"freq":14074000,"widths":"1800,3000,3600"}}}
<event@crazy> send event ws.msg.cat: {"msg":{"ts":1789169196,"type":"cat"},"cat":{"user":"","state":{"active":true,"ptt":false,"mode":"USB","vfo":"A","width":3000,"power":0,"freq":14074000,"widths":"1800,3000,3600"}}}
<event@crazy> Firing event ws.msg.cat from cptr:<(nil)> with data:<0x55d1b1cf5690> user:(null)
<vfo@crazy> vfo_set_dict: VFO A
<vfo@crazy> vfo_parse_mode: USB
<event.match@crazy> Event ws.msg.cat from cptr:<(nil)> hit 1 times
<http@crazy> ws_handle_cli: msg={"msg":{"ts":1789169196,"type":"cat"},"cat":{"user":"","state":{"active":false,"ptt":false,"mode":"USB","vfo":"B","power":0,"width":3000,"freq":14074000,"widths":"1800,3000,3600"}}}
<event@crazy> send event ws.msg.cat: {"msg":{"ts":1789169196,"type":"cat"},"cat":{"user":"","state":{"active":false,"ptt":false,"mode":"USB","vfo":"B","width":3000,"power":0,"freq":14074000,"widths":"1800,3000,3600"}}}
<event@crazy> Firing event ws.msg.cat from cptr:<(nil)> with data:<0x55d1b1cf5690> user:(null)
<vfo@crazy> vfo_set_dict: VFO B
<vfo@crazy> vfo_parse_mode: USB
<event.match@crazy> Event ws.msg.cat from cptr:<(nil)> hit 1 times
<http@crazy> ws_handle_cli: msg={"msg":{"ts":1789169211,"type":"cat"},"cat":{"user":"","state":{"active":true,"ptt":false,"mode":"USB","vfo":"A","power":0,"width":3000,"freq":14074000,"widths":"1800,3000,3600"}}}
<event@crazy> send event ws.msg.cat: {"msg":{"ts":1789169211,"type":"cat"},"cat":{"user":"","state":{"active":true,"ptt":false,"mode":"USB","vfo":"A","width":3000,"power":0,"freq":14074000,"widths":"1800,3000,3600"}}}
<event@crazy> Firing event ws.msg.cat from cptr:<(nil)> with data:<0x55d1b1cf5690> user:(null)
<vfo@crazy> vfo_set_dict: VFO A
<vfo@crazy> vfo_parse_mode: USB
<event.match@crazy> Event ws.msg.cat from cptr:<(nil)> hit 1 times
<http@crazy> ws_handle_cli: msg={"msg":{"ts":1789169211,"type":"cat"},"cat":{"user":"","state":{"active":false,"ptt":false,"mode":"USB","vfo":"B","power":0,"width":3000,"freq":14074000,"widths":"1800,3000,3600"}}}
<event@crazy> send event ws.msg.cat: {"msg":{"ts":1789169211,"type":"cat"},"cat":{"user":"","state":{"active":false,"ptt":false,"mode":"USB","vfo":"B","width":3000,"power":0,"freq":14074000,"widths":"1800,3000,3600"}}}
<event@crazy> Firing event ws.msg.cat from cptr:<(nil)> with data:<0x55d1b1cf5690> user:(null)
<vfo@crazy> vfo_set_dict: VFO B
<vfo@crazy> vfo_parse_mode: USB
<event.match@crazy> Event ws.msg.cat from cptr:<(nil)> hit 1 times
<http@crazy> ws_handle_cli: msg={"msg":{"ts":1789169226,"type":"cat"},"cat":{"user":"","state":{"active":true,"ptt":false,"mode":"USB","vfo":"A","power":0,"width":3000,"freq":14074000,"widths":"1800,3000,3600"}}}
<event@crazy> send event ws.msg.cat: {"msg":{"ts":1789169226,"type":"cat"},"cat":{"user":"","state":{"active":true,"ptt":false,"mode":"USB","vfo":"A","width":3000,"power":0,"freq":14074000,"widths":"1800,3000,3600"}}}
<event@crazy> Firing event ws.msg.cat from cptr:<(nil)> with data:<0x55d1b1cf5690> user:(null)
<vfo@crazy> vfo_set_dict: VFO A
<vfo@crazy> vfo_parse_mode: USB
<event.match@crazy> Event ws.msg.cat from cptr:<(nil)> hit 1 times
<http@crazy> ws_handle_cli: msg={"msg":{"ts":1789169226,"type":"cat"},"cat":{"user":"","state":{"active":false,"ptt":false,"mode":"USB","vfo":"B","power":0,"width":3000,"freq":14074000,"widths":"1800,3000,3600"}}}
<event@crazy> send event ws.msg.cat: {"msg":{"ts":1789169226,"type":"cat"},"cat":{"user":"","state":{"active":false,"ptt":false,"mode":"USB","vfo":"B","width":3000,"power":0,"freq":14074000,"widths":"1800,3000,3600"}}}
<event@crazy> Firing event ws.msg.cat from cptr:<(nil)> with data:<0x55d1b1cf5690> user:(null)
<vfo@crazy> vfo_set_dict: VFO B
<vfo@crazy> vfo_parse_mode: USB
<event.match@crazy> Event ws.msg.cat from cptr:<(nil)> hit 1 times
<http@crazy> ws_handle_cli: msg={"ping":{"ts":80875772659},"msg":{"ts":1789169231,"type":"ping"}}
<event@crazy> send event ws.msg.ping: {"msg":{"ts":1789169231,"type":"ping"},"ping":{"ts":80875772659}}
<event@crazy> Firing event ws.msg.ping from cptr:<(nil)> with data:<0x55d1b1cf5690> user:(null)
<ws.ping@crazy> Server ping: {"msg":{"ts":1789169231,"type":"ping"},"ping":{"ts":80875772659}}
<event.match@crazy> Event ws.msg.ping from cptr:<(nil)> hit 1 times
<ws.proto@crazy> Sending dict <0x55d1b1cfaa60> to conn <0x55d1b1ce8ff0>: {"ping":{"ts":80875772659},"msg":{"ts":1789169231,"type":"pong"}}
<http@crazy> ws_handle_cli: msg={"msg":{"ts":1789169241,"type":"cat"},"cat":{"user":"","state":{"active":true,"ptt":false,"mode":"USB","vfo":"A","power":0,"width":3000,"freq":14074000,"widths":"1800,3000,3600"}}}
<event@crazy> send event ws.msg.cat: {"msg":{"ts":1789169241,"type":"cat"},"cat":{"user":"","state":{"active":true,"ptt":false,"mode":"USB","vfo":"A","width":3000,"power":0,"freq":14074000,"widths":"1800,3000,3600"}}}
<event@crazy> Firing event ws.msg.cat from cptr:<(nil)> with data:<0x55d1b1cf5690> user:(null)
<vfo@crazy> vfo_set_dict: VFO A
<vfo@crazy> vfo_parse_mode: USB
<event.match@crazy> Event ws.msg.cat from cptr:<(nil)> hit 1 times
<http@crazy> ws_handle_cli: msg={"msg":{"ts":1789169241,"type":"cat"},"cat":{"user":"","state":{"active":false,"ptt":false,"mode":"USB","vfo":"B","power":0,"width":3000,"freq":14074000,"widths":"1800,3000,3600"}}}
<event@crazy> send event ws.msg.cat: {"msg":{"ts":1789169241,"type":"cat"},"cat":{"user":"","state":{"active":false,"ptt":false,"mode":"USB","vfo":"B","width":3000,"power":0,"freq":14074000,"widths":"1800,3000,3600"}}}
<event@crazy> Firing event ws.msg.cat from cptr:<(nil)> with data:<0x55d1b1cf5690> user:(null)
<vfo@crazy> vfo_set_dict: VFO B
<vfo@crazy> vfo_parse_mode: USB
<event.match@crazy> Event ws.msg.cat from cptr:<(nil)> hit 1 times
<http@crazy> ws_handle_cli: msg={"msg":{"ts":1789169256,"type":"cat"},"cat":{"user":"","state":{"active":true,"ptt":false,"mode":"USB","vfo":"A","power":0,"width":3000,"freq":14074000,"widths":"1800,3000,3600"}}}
<event@crazy> send event ws.msg.cat: {"msg":{"ts":1789169256,"type":"cat"},"cat":{"user":"","state":{"active":true,"ptt":false,"mode":"USB","vfo":"A","width":3000,"power":0,"freq":14074000,"widths":"1800,3000,3600"}}}
<event@crazy> Firing event ws.msg.cat from cptr:<(nil)> with data:<0x55d1b1cf5690> user:(null)
<vfo@crazy> vfo_set_dict: VFO A
<vfo@crazy> vfo_parse_mode: USB
<event.match@crazy> Event ws.msg.cat from cptr:<(nil)> hit 1 times
<http@crazy> ws_handle_cli: msg={"msg":{"ts":1789169256,"type":"cat"},"cat":{"user":"","state":{"active":false,"ptt":false,"mode":"USB","vfo":"B","power":0,"width":3000,"freq":14074000,"widths":"1800,3000,3600"}}}
<event@crazy> send event ws.msg.cat: {"msg":{"ts":1789169256,"type":"cat"},"cat":{"user":"","state":{"active":false,"ptt":false,"mode":"USB","vfo":"B","width":3000,"power":0,"freq":14074000,"widths":"1800,3000,3600"}}}
<event@crazy> Firing event ws.msg.cat from cptr:<(nil)> with data:<0x55d1b1cf5690> user:(null)
<vfo@crazy> vfo_set_dict: VFO B
<vfo@crazy> vfo_parse_mode: USB
<event.match@crazy> Event ws.msg.cat from cptr:<(nil)> hit 1 times
<http@crazy> ws_handle_cli: msg={"msg":{"ts":1789169271,"type":"cat"},"cat":{"user":"","state":{"active":true,"ptt":false,"mode":"USB","vfo":"A","power":0,"width":3000,"freq":14074000,"widths":"1800,3000,3600"}}}
<event@crazy> send event ws.msg.cat: {"msg":{"ts":1789169271,"type":"cat"},"cat":{"user":"","state":{"active":true,"ptt":false,"mode":"USB","vfo":"A","width":3000,"power":0,"freq":14074000,"widths":"1800,3000,3600"}}}
<event@crazy> Firing event ws.msg.cat from cptr:<(nil)> with data:<0x55d1b1cf5690> user:(null)
<vfo@crazy> vfo_set_dict: VFO A
<vfo@crazy> vfo_parse_mode: USB
<event.match@crazy> Event ws.msg.cat from cptr:<(nil)> hit 1 times
<http@crazy> ws_handle_cli: msg={"msg":{"ts":1789169271,"type":"cat"},"cat":{"user":"","state":{"active":false,"ptt":false,"mode":"USB","vfo":"B","power":0,"width":3000,"freq":14074000,"widths":"1800,3000,3600"}}}
<event@crazy> send event ws.msg.cat: {"msg":{"ts":1789169271,"type":"cat"},"cat":{"user":"","state":{"active":false,"ptt":false,"mode":"USB","vfo":"B","width":3000,"power":0,"freq":14074000,"widths":"1800,3000,3600"}}}
<event@crazy> Firing event ws.msg.cat from cptr:<(nil)> with data:<0x55d1b1cf5690> user:(null)
<vfo@crazy> vfo_set_dict: VFO B
<vfo@crazy> vfo_parse_mode: USB
<event.match@crazy> Event ws.msg.cat from cptr:<(nil)> hit 1 times
<http@crazy> ws_handle_cli: msg={"msg":{"ts":1789169286,"type":"cat"},"cat":{"user":"","state":{"active":true,"ptt":false,"mode":"USB","vfo":"A","power":0,"width":3000,"freq":14074000,"widths":"1800,3000,3600"}}}
<event@crazy> send event ws.msg.cat: {"msg":{"ts":1789169286,"type":"cat"},"cat":{"user":"","state":{"active":true,"ptt":false,"mode":"USB","vfo":"A","width":3000,"power":0,"freq":14074000,"widths":"1800,3000,3600"}}}
<event@crazy> Firing event ws.msg.cat from cptr:<(nil)> with data:<0x55d1b1cf5690> user:(null)
<vfo@crazy> vfo_set_dict: VFO A
<vfo@crazy> vfo_parse_mode: USB
<event.match@crazy> Event ws.msg.cat from cptr:<(nil)> hit 1 times
<http@crazy> ws_handle_cli: msg={"msg":{"ts":1789169286,"type":"cat"},"cat":{"user":"","state":{"active":false,"ptt":false,"mode":"USB","vfo":"B","power":0,"width":3000,"freq":14074000,"widths":"1800,3000,3600"}}}
<event@crazy> send event ws.msg.cat: {"msg":{"ts":1789169286,"type":"cat"},"cat":{"user":"","state":{"active":false,"ptt":false,"mode":"USB","vfo":"B","width":3000,"power":0,"freq":14074000,"widths":"1800,3000,3600"}}}
<event@crazy> Firing event ws.msg.cat from cptr:<(nil)> with data:<0x55d1b1cf5690> user:(null)
<vfo@crazy> vfo_set_dict: VFO B
<vfo@crazy> vfo_parse_mode: USB
<event.match@crazy> Event ws.msg.cat from cptr:<(nil)> hit 1 times
<http@crazy> ws_handle_cli: msg={"ping":{"ts":80937956642},"msg":{"ts":1789169293,"type":"ping"}}
<event@crazy> send event ws.msg.ping: {"msg":{"ts":1789169293,"type":"ping"},"ping":{"ts":80937956642}}
<event@crazy> Firing event ws.msg.ping from cptr:<(nil)> with data:<0x55d1b1cf5690> user:(null)
<ws.ping@crazy> Server ping: {"msg":{"ts":1789169293,"type":"ping"},"ping":{"ts":80937956642}}
<event.match@crazy> Event ws.msg.ping from cptr:<(nil)> hit 1 times
<ws.proto@crazy> Sending dict <0x55d1b1cfae20> to conn <0x55d1b1ce8ff0>: {"ping":{"ts":80937956642},"msg":{"ts":1789169293,"type":"pong"}}
<http@crazy> ws_handle_cli: msg={"msg":{"ts":1789169301,"type":"cat"},"cat":{"user":"","state":{"active":true,"ptt":false,"mode":"USB","vfo":"A","power":0,"width":3000,"freq":14074000,"widths":"1800,3000,3600"}}}
<event@crazy> send event ws.msg.cat: {"msg":{"ts":1789169301,"type":"cat"},"cat":{"user":"","state":{"active":true,"ptt":false,"mode":"USB","vfo":"A","width":3000,"power":0,"freq":14074000,"widths":"1800,3000,3600"}}}
<event@crazy> Firing event ws.msg.cat from cptr:<(nil)> with data:<0x55d1b1cf5690> user:(null)
<vfo@crazy> vfo_set_dict: VFO A
<vfo@crazy> vfo_parse_mode: USB
<event.match@crazy> Event ws.msg.cat from cptr:<(nil)> hit 1 times
<http@crazy> ws_handle_cli: msg={"msg":{"ts":1789169301,"type":"cat"},"cat":{"user":"","state":{"active":false,"ptt":false,"mode":"USB","vfo":"B","power":0,"width":3000,"freq":14074000,"widths":"1800,3000,3600"}}}
<event@crazy> send event ws.msg.cat: {"msg":{"ts":1789169301,"type":"cat"},"cat":{"user":"","state":{"active":false,"ptt":false,"mode":"USB","vfo":"B","width":3000,"power":0,"freq":14074000,"widths":"1800,3000,3600"}}}
<event@crazy> Firing event ws.msg.cat from cptr:<(nil)> with data:<0x55d1b1cf5690> user:(null)
<vfo@crazy> vfo_set_dict: VFO B
<vfo@crazy> vfo_parse_mode: USB
<event.match@crazy> Event ws.msg.cat from cptr:<(nil)> hit 1 times
<http@crazy> ws_handle_cli: msg={"msg":{"ts":1789169316,"type":"cat"},"cat":{"user":"","state":{"active":true,"ptt":false,"mode":"USB","vfo":"A","power":0,"width":3000,"freq":14074000,"widths":"1800,3000,3600"}}}
<event@crazy> send event ws.msg.cat: {"msg":{"ts":1789169316,"type":"cat"},"cat":{"user":"","state":{"active":true,"ptt":false,"mode":"USB","vfo":"A","width":3000,"power":0,"freq":14074000,"widths":"1800,3000,3600"}}}
<event@crazy> Firing event ws.msg.cat from cptr:<(nil)> with data:<0x55d1b1cf5690> user:(null)
<vfo@crazy> vfo_set_dict: VFO A
<vfo@crazy> vfo_parse_mode: USB
<event.match@crazy> Event ws.msg.cat from cptr:<(nil)> hit 1 times
<http@crazy> ws_handle_cli: msg={"msg":{"ts":1789169316,"type":"cat"},"cat":{"user":"","state":{"active":false,"ptt":false,"mode":"USB","vfo":"B","power":0,"width":3000,"freq":14074000,"widths":"1800,3000,3600"}}}
<event@crazy> send event ws.msg.cat: {"msg":{"ts":1789169316,"type":"cat"},"cat":{"user":"","state":{"active":false,"ptt":false,"mode":"USB","vfo":"B","width":3000,"power":0,"freq":14074000,"widths":"1800,3000,3600"}}}
<event@crazy> Firing event ws.msg.cat from cptr:<(nil)> with data:<0x55d1b1cf5690> user:(null)
<vfo@crazy> vfo_set_dict: VFO B
<vfo@crazy> vfo_parse_mode: USB
<event.match@crazy> Event ws.msg.cat from cptr:<(nil)> hit 1 times
<http@crazy> ws_handle_cli: msg={"msg":{"ts":1789169331,"type":"cat"},"cat":{"user":"","state":{"active":true,"ptt":false,"mode":"USB","vfo":"A","power":0,"width":3000,"freq":14074000,"widths":"1800,3000,3600"}}}
<event@crazy> send event ws.msg.cat: {"msg":{"ts":1789169331,"type":"cat"},"cat":{"user":"","state":{"active":true,"ptt":false,"mode":"USB","vfo":"A","width":3000,"power":0,"freq":14074000,"widths":"1800,3000,3600"}}}
<event@crazy> Firing event ws.msg.cat from cptr:<(nil)> with data:<0x55d1b1cf5690> user:(null)
<vfo@crazy> vfo_set_dict: VFO A
<vfo@crazy> vfo_parse_mode: USB
<event.match@crazy> Event ws.msg.cat from cptr:<(nil)> hit 1 times
<http@crazy> ws_handle_cli: msg={"msg":{"ts":1789169331,"type":"cat"},"cat":{"user":"","state":{"active":false,"ptt":false,"mode":"USB","vfo":"B","power":0,"width":3000,"freq":14074000,"widths":"1800,3000,3600"}}}
<event@crazy> send event ws.msg.cat: {"msg":{"ts":1789169331,"type":"cat"},"cat":{"user":"","state":{"active":false,"ptt":false,"mode":"USB","vfo":"B","width":3000,"power":0,"freq":14074000,"widths":"1800,3000,3600"}}}
<event@crazy> Firing event ws.msg.cat from cptr:<(nil)> with data:<0x55d1b1cf5690> user:(null)
<vfo@crazy> vfo_set_dict: VFO B
<vfo@crazy> vfo_parse_mode: USB
<event.match@crazy> Event ws.msg.cat from cptr:<(nil)> hit 1 times
<http@crazy> ws_handle_cli: msg={"msg":{"ts":1789169346,"type":"cat"},"cat":{"user":"","state":{"active":true,"ptt":false,"mode":"USB","vfo":"A","power":0,"width":3000,"freq":14074000,"widths":"1800,3000,3600"}}}
<event@crazy> send event ws.msg.cat: {"msg":{"ts":1789169346,"type":"cat"},"cat":{"user":"","state":{"active":true,"ptt":false,"mode":"USB","vfo":"A","width":3000,"power":0,"freq":14074000,"widths":"1800,3000,3600"}}}
<event@crazy> Firing event ws.msg.cat from cptr:<(nil)> with data:<0x55d1b1cf5690> user:(null)
<vfo@crazy> vfo_set_dict: VFO A
<vfo@crazy> vfo_parse_mode: USB
<event.match@crazy> Event ws.msg.cat from cptr:<(nil)> hit 1 times
<http@crazy> ws_handle_cli: msg={"msg":{"ts":1789169346,"type":"cat"},"cat":{"user":"","state":{"active":false,"ptt":false,"mode":"USB","vfo":"B","power":0,"width":3000,"freq":14074000,"widths":"1800,3000,3600"}}}
<event@crazy> send event ws.msg.cat: {"msg":{"ts":1789169346,"type":"cat"},"cat":{"user":"","state":{"active":false,"ptt":false,"mode":"USB","vfo":"B","width":3000,"power":0,"freq":14074000,"widths":"1800,3000,3600"}}}
<event@crazy> Firing event ws.msg.cat from cptr:<(nil)> with data:<0x55d1b1cf5690> user:(null)
<vfo@crazy> vfo_set_dict: VFO B
<vfo@crazy> vfo_parse_mode: USB
<event.match@crazy> Event ws.msg.cat from cptr:<(nil)> hit 1 times
<http@crazy> ws_handle_cli: msg={"ping":{"ts":81000119790},"msg":{"ts":1789169355,"type":"ping"}}
<event@crazy> send event ws.msg.ping: {"msg":{"ts":1789169355,"type":"ping"},"ping":{"ts":81000119790}}
<event@crazy> Firing event ws.msg.ping from cptr:<(nil)> with data:<0x55d1b1cf5690> user:(null)
<ws.ping@crazy> Server ping: {"msg":{"ts":1789169355,"type":"ping"},"ping":{"ts":81000119790}}
<event.match@crazy> Event ws.msg.ping from cptr:<(nil)> hit 1 times
<ws.proto@crazy> Sending dict <0x55d1b1ce8eb0> to conn <0x55d1b1ce8ff0>: {"ping":{"ts":81000119790},"msg":{"ts":1789169355,"type":"pong"}}
<http@crazy> ws_handle_cli: msg={"msg":{"ts":1789169361,"type":"cat"},"cat":{"user":"","state":{"active":true,"ptt":false,"mode":"USB","vfo":"A","power":0,"width":3000,"freq":14074000,"widths":"1800,3000,3600"}}}
<event@crazy> send event ws.msg.cat: {"msg":{"ts":1789169361,"type":"cat"},"cat":{"user":"","state":{"active":true,"ptt":false,"mode":"USB","vfo":"A","width":3000,"power":0,"freq":14074000,"widths":"1800,3000,3600"}}}
<event@crazy> Firing event ws.msg.cat from cptr:<(nil)> with data:<0x55d1b1cf5690> user:(null)
<vfo@crazy> vfo_set_dict: VFO A
<vfo@crazy> vfo_parse_mode: USB
<event.match@crazy> Event ws.msg.cat from cptr:<(nil)> hit 1 times
<http@crazy> ws_handle_cli: msg={"msg":{"ts":1789169361,"type":"cat"},"cat":{"user":"","state":{"active":false,"ptt":false,"mode":"USB","vfo":"B","power":0,"width":3000,"freq":14074000,"widths":"1800,3000,3600"}}}
<event@crazy> send event ws.msg.cat: {"msg":{"ts":1789169361,"type":"cat"},"cat":{"user":"","state":{"active":false,"ptt":false,"mode":"USB","vfo":"B","width":3000,"power":0,"freq":14074000,"widths":"1800,3000,3600"}}}
<event@crazy> Firing event ws.msg.cat from cptr:<(nil)> with data:<0x55d1b1cf5690> user:(null)
<vfo@crazy> vfo_set_dict: VFO B
<vfo@crazy> vfo_parse_mode: USB
<event.match@crazy> Event ws.msg.cat from cptr:<(nil)> hit 1 times
<http@crazy> ws_handle_cli: msg={"msg":{"ts":1789169376,"type":"cat"},"cat":{"user":"","state":{"active":true,"ptt":false,"mode":"USB","vfo":"A","power":0,"width":3000,"freq":14074000,"widths":"1800,3000,3600"}}}
<event@crazy> send event ws.msg.cat: {"msg":{"ts":1789169376,"type":"cat"},"cat":{"user":"","state":{"active":true,"ptt":false,"mode":"USB","vfo":"A","width":3000,"power":0,"freq":14074000,"widths":"1800,3000,3600"}}}
<event@crazy> Firing event ws.msg.cat from cptr:<(nil)> with data:<0x55d1b1cf5690> user:(null)
<vfo@crazy> vfo_set_dict: VFO A
<vfo@crazy> vfo_parse_mode: USB
<event.match@crazy> Event ws.msg.cat from cptr:<(nil)> hit 1 times
<http@crazy> ws_handle_cli: msg={"msg":{"ts":1789169376,"type":"cat"},"cat":{"user":"","state":{"active":false,"ptt":false,"mode":"USB","vfo":"B","power":0,"width":3000,"freq":14074000,"widths":"1800,3000,3600"}}}
<event@crazy> send event ws.msg.cat: {"msg":{"ts":1789169376,"type":"cat"},"cat":{"user":"","state":{"active":false,"ptt":false,"mode":"USB","vfo":"B","width":3000,"power":0,"freq":14074000,"widths":"1800,3000,3600"}}}
<event@crazy> Firing event ws.msg.cat from cptr:<(nil)> with data:<0x55d1b1cf5690> user:(null)
<vfo@crazy> vfo_set_dict: VFO B
<vfo@crazy> vfo_parse_mode: USB
<event.match@crazy> Event ws.msg.cat from cptr:<(nil)> hit 1 times
<http@crazy> ws_handle_cli: msg={"msg":{"ts":1789169391,"type":"cat"},"cat":{"user":"","state":{"active":true,"ptt":false,"mode":"USB","vfo":"A","power":0,"width":3000,"freq":14074000,"widths":"1800,3000,3600"}}}
<event@crazy> send event ws.msg.cat: {"msg":{"ts":1789169391,"type":"cat"},"cat":{"user":"","state":{"active":true,"ptt":false,"mode":"USB","vfo":"A","width":3000,"power":0,"freq":14074000,"widths":"1800,3000,3600"}}}
<event@crazy> Firing event ws.msg.cat from cptr:<(nil)> with data:<0x55d1b1cf5690> user:(null)
<vfo@crazy> vfo_set_dict: VFO A
<vfo@crazy> vfo_parse_mode: USB
<event.match@crazy> Event ws.msg.cat from cptr:<(nil)> hit 1 times
<http@crazy> ws_handle_cli: msg={"msg":{"ts":1789169391,"type":"cat"},"cat":{"user":"","state":{"active":false,"ptt":false,"mode":"USB","vfo":"B","power":0,"width":3000,"freq":14074000,"widths":"1800,3000,3600"}}}
<event@crazy> send event ws.msg.cat: {"msg":{"ts":1789169391,"type":"cat"},"cat":{"user":"","state":{"active":false,"ptt":false,"mode":"USB","vfo":"B","width":3000,"power":0,"freq":14074000,"widths":"1800,3000,3600"}}}
<event@crazy> Firing event ws.msg.cat from cptr:<(nil)> with data:<0x55d1b1cf5690> user:(null)
<vfo@crazy> vfo_set_dict: VFO B
<vfo@crazy> vfo_parse_mode: USB
<event.match@crazy> Event ws.msg.cat from cptr:<(nil)> hit 1 times
<http@crazy> ws_handle_cli: msg={"msg":{"ts":1789169406,"type":"cat"},"cat":{"user":"","state":{"active":true,"ptt":false,"mode":"USB","vfo":"A","power":0,"width":3000,"freq":14074000,"widths":"1800,3000,3600"}}}
<event@crazy> send event ws.msg.cat: {"msg":{"ts":1789169406,"type":"cat"},"cat":{"user":"","state":{"active":true,"ptt":false,"mode":"USB","vfo":"A","width":3000,"power":0,"freq":14074000,"widths":"1800,3000,3600"}}}
<event@crazy> Firing event ws.msg.cat from cptr:<(nil)> with data:<0x55d1b1cf5690> user:(null)
<vfo@crazy> vfo_set_dict: VFO A
<vfo@crazy> vfo_parse_mode: USB
<event.match@crazy> Event ws.msg.cat from cptr:<(nil)> hit 1 times
<http@crazy> ws_handle_cli: msg={"msg":{"ts":1789169406,"type":"cat"},"cat":{"user":"","state":{"active":false,"ptt":false,"mode":"USB","vfo":"B","power":0,"width":3000,"freq":14074000,"widths":"1800,3000,3600"}}}
<event@crazy> send event ws.msg.cat: {"msg":{"ts":1789169406,"type":"cat"},"cat":{"user":"","state":{"active":false,"ptt":false,"mode":"USB","vfo":"B","width":3000,"power":0,"freq":14074000,"widths":"1800,3000,3600"}}}
<event@crazy> Firing event ws.msg.cat from cptr:<(nil)> with data:<0x55d1b1cf5690> user:(null)
<vfo@crazy> vfo_set_dict: VFO B
<vfo@crazy> vfo_parse_mode: USB
<event.match@crazy> Event ws.msg.cat from cptr:<(nil)> hit 1 times
<http@crazy> ws_handle_cli: msg={"ping":{"ts":81062309967},"msg":{"ts":1789169417,"type":"ping"}}
<event@crazy> send event ws.msg.ping: {"msg":{"ts":1789169417,"type":"ping"},"ping":{"ts":81062309967}}
<event@crazy> Firing event ws.msg.ping from cptr:<(nil)> with data:<0x55d1b1cf5690> user:(null)
<ws.ping@crazy> Server ping: {"msg":{"ts":1789169417,"type":"ping"},"ping":{"ts":81062309967}}
<event.match@crazy> Event ws.msg.ping from cptr:<(nil)> hit 1 times
<ws.proto@crazy> Sending dict <0x55d1b1cfae20> to conn <0x55d1b1ce8ff0>: {"ping":{"ts":81062309967},"msg":{"ts":1789169417,"type":"pong"}}
<http@crazy> ws_handle_cli: msg={"msg":{"ts":1789169421,"type":"cat"},"cat":{"user":"","state":{"active":true,"ptt":false,"mode":"USB","vfo":"A","power":0,"width":3000,"freq":14074000,"widths":"1800,3000,3600"}}}
<event@crazy> send event ws.msg.cat: {"msg":{"ts":1789169421,"type":"cat"},"cat":{"user":"","state":{"active":true,"ptt":false,"mode":"USB","vfo":"A","width":3000,"power":0,"freq":14074000,"widths":"1800,3000,3600"}}}
<event@crazy> Firing event ws.msg.cat from cptr:<(nil)> with data:<0x55d1b1cf5690> user:(null)
<vfo@crazy> vfo_set_dict: VFO A
<vfo@crazy> vfo_parse_mode: USB
<event.match@crazy> Event ws.msg.cat from cptr:<(nil)> hit 1 times
<http@crazy> ws_handle_cli: msg={"msg":{"ts":1789169421,"type":"cat"},"cat":{"user":"","state":{"active":false,"ptt":false,"mode":"USB","vfo":"B","power":0,"width":3000,"freq":14074000,"widths":"1800,3000,3600"}}}
<event@crazy> send event ws.msg.cat: {"msg":{"ts":1789169421,"type":"cat"},"cat":{"user":"","state":{"active":false,"ptt":false,"mode":"USB","vfo":"B","width":3000,"power":0,"freq":14074000,"widths":"1800,3000,3600"}}}
<event@crazy> Firing event ws.msg.cat from cptr:<(nil)> with data:<0x55d1b1cf5690> user:(null)
<vfo@crazy> vfo_set_dict: VFO B
<vfo@crazy> vfo_parse_mode: USB
<event.match@crazy> Event ws.msg.cat from cptr:<(nil)> hit 1 times
<http@crazy> ws_handle_cli: msg={"msg":{"ts":1789169436,"type":"cat"},"cat":{"user":"","state":{"active":true,"ptt":false,"mode":"USB","vfo":"A","power":0,"width":3000,"freq":14074000,"widths":"1800,3000,3600"}}}
<event@crazy> send event ws.msg.cat: {"msg":{"ts":1789169436,"type":"cat"},"cat":{"user":"","state":{"active":true,"ptt":false,"mode":"USB","vfo":"A","width":3000,"power":0,"freq":14074000,"widths":"1800,3000,3600"}}}
<event@crazy> Firing event ws.msg.cat from cptr:<(nil)> with data:<0x55d1b1cf5690> user:(null)
<vfo@crazy> vfo_set_dict: VFO A
<vfo@crazy> vfo_parse_mode: USB
<event.match@crazy> Event ws.msg.cat from cptr:<(nil)> hit 1 times
<http@crazy> ws_handle_cli: msg={"msg":{"ts":1789169436,"type":"cat"},"cat":{"user":"","state":{"active":false,"ptt":false,"mode":"USB","vfo":"B","power":0,"width":3000,"freq":14074000,"widths":"1800,3000,3600"}}}
<event@crazy> send event ws.msg.cat: {"msg":{"ts":1789169436,"type":"cat"},"cat":{"user":"","state":{"active":false,"ptt":false,"mode":"USB","vfo":"B","width":3000,"power":0,"freq":14074000,"widths":"1800,3000,3600"}}}
<event@crazy> Firing event ws.msg.cat from cptr:<(nil)> with data:<0x55d1b1cf5690> user:(null)
<vfo@crazy> vfo_set_dict: VFO B
<vfo@crazy> vfo_parse_mode: USB
<event.match@crazy> Event ws.msg.cat from cptr:<(nil)> hit 1 times
<http@crazy> ws_handle_cli: msg={"msg":{"ts":1789169451,"type":"cat"},"cat":{"user":"","state":{"active":true,"ptt":false,"mode":"USB","vfo":"A","power":0,"width":3000,"freq":14074000,"widths":"1800,3000,3600"}}}
<event@crazy> send event ws.msg.cat: {"msg":{"ts":1789169451,"type":"cat"},"cat":{"user":"","state":{"active":true,"ptt":false,"mode":"USB","vfo":"A","width":3000,"power":0,"freq":14074000,"widths":"1800,3000,3600"}}}
<event@crazy> Firing event ws.msg.cat from cptr:<(nil)> with data:<0x55d1b1cf5690> user:(null)
<vfo@crazy> vfo_set_dict: VFO A
<vfo@crazy> vfo_parse_mode: USB
<event.match@crazy> Event ws.msg.cat from cptr:<(nil)> hit 1 times
<http@crazy> ws_handle_cli: msg={"msg":{"ts":1789169451,"type":"cat"},"cat":{"user":"","state":{"active":false,"ptt":false,"mode":"USB","vfo":"B","power":0,"width":3000,"freq":14074000,"widths":"1800,3000,3600"}}}
<event@crazy> send event ws.msg.cat: {"msg":{"ts":1789169451,"type":"cat"},"cat":{"user":"","state":{"active":false,"ptt":false,"mode":"USB","vfo":"B","width":3000,"power":0,"freq":14074000,"widths":"1800,3000,3600"}}}
<event@crazy> Firing event ws.msg.cat from cptr:<(nil)> with data:<0x55d1b1cf5690> user:(null)
<vfo@crazy> vfo_set_dict: VFO B
<vfo@crazy> vfo_parse_mode: USB
<event.match@crazy> Event ws.msg.cat from cptr:<(nil)> hit 1 times
<http@crazy> ws_handle_cli: msg={"msg":{"ts":1789169466,"type":"cat"},"cat":{"user":"","state":{"active":true,"ptt":false,"mode":"USB","vfo":"A","power":0,"width":3000,"freq":14074000,"widths":"1800,3000,3600"}}}
<event@crazy> send event ws.msg.cat: {"msg":{"ts":1789169466,"type":"cat"},"cat":{"user":"","state":{"active":true,"ptt":false,"mode":"USB","vfo":"A","width":3000,"power":0,"freq":14074000,"widths":"1800,3000,3600"}}}
<event@crazy> Firing event ws.msg.cat from cptr:<(nil)> with data:<0x55d1b1cf5690> user:(null)
<vfo@crazy> vfo_set_dict: VFO A
<vfo@crazy> vfo_parse_mode: USB
<event.match@crazy> Event ws.msg.cat from cptr:<(nil)> hit 1 times
<http@crazy> ws_handle_cli: msg={"msg":{"ts":1789169466,"type":"cat"},"cat":{"user":"","state":{"active":false,"ptt":false,"mode":"USB","vfo":"B","power":0,"width":3000,"freq":14074000,"widths":"1800,3000,3600"}}}
<event@crazy> send event ws.msg.cat: {"msg":{"ts":1789169466,"type":"cat"},"cat":{"user":"","state":{"active":false,"ptt":false,"mode":"USB","vfo":"B","width":3000,"power":0,"freq":14074000,"widths":"1800,3000,3600"}}}
<event@crazy> Firing event ws.msg.cat from cptr:<(nil)> with data:<0x55d1b1cf5690> user:(null)
<vfo@crazy> vfo_set_dict: VFO B
<vfo@crazy> vfo_parse_mode: USB
<event.match@crazy> Event ws.msg.cat from cptr:<(nil)> hit 1 times
<http@crazy> ws_handle_cli: msg={"ping":{"ts":81124504482},"msg":{"ts":1789169479,"type":"ping"}}
<event@crazy> send event ws.msg.ping: {"msg":{"ts":1789169479,"type":"ping"},"ping":{"ts":81124504482}}
<event@crazy> Firing event ws.msg.ping from cptr:<(nil)> with data:<0x55d1b1cf5690> user:(null)
<ws.ping@crazy> Server ping: {"msg":{"ts":1789169479,"type":"ping"},"ping":{"ts":81124504482}}
<event.match@crazy> Event ws.msg.ping from cptr:<(nil)> hit 1 times
<ws.proto@crazy> Sending dict <0x55d1b1cfaf40> to conn <0x55d1b1ce8ff0>: {"ping":{"ts":81124504482},"msg":{"ts":1789169479,"type":"pong"}}
<http@crazy> ws_handle_cli: msg={"msg":{"ts":1789169481,"type":"cat"},"cat":{"user":"","state":{"active":true,"ptt":false,"mode":"USB","vfo":"A","power":0,"width":3000,"freq":14074000,"widths":"1800,3000,3600"}}}
<event@crazy> send event ws.msg.cat: {"msg":{"ts":1789169481,"type":"cat"},"cat":{"user":"","state":{"active":true,"ptt":false,"mode":"USB","vfo":"A","width":3000,"power":0,"freq":14074000,"widths":"1800,3000,3600"}}}
<event@crazy> Firing event ws.msg.cat from cptr:<(nil)> with data:<0x55d1b1cf5690> user:(null)
<vfo@crazy> vfo_set_dict: VFO A
<vfo@crazy> vfo_parse_mode: USB
<event.match@crazy> Event ws.msg.cat from cptr:<(nil)> hit 1 times
<http@crazy> ws_handle_cli: msg={"msg":{"ts":1789169481,"type":"cat"},"cat":{"user":"","state":{"active":false,"ptt":false,"mode":"USB","vfo":"B","power":0,"width":3000,"freq":14074000,"widths":"1800,3000,3600"}}}
<event@crazy> send event ws.msg.cat: {"msg":{"ts":1789169481,"type":"cat"},"cat":{"user":"","state":{"active":false,"ptt":false,"mode":"USB","vfo":"B","width":3000,"power":0,"freq":14074000,"widths":"1800,3000,3600"}}}
<event@crazy> Firing event ws.msg.cat from cptr:<(nil)> with data:<0x55d1b1cf5690> user:(null)
<vfo@crazy> vfo_set_dict: VFO B
<vfo@crazy> vfo_parse_mode: USB
<event.match@crazy> Event ws.msg.cat from cptr:<(nil)> hit 1 times
<http@crazy> ws_handle_cli: msg={"msg":{"ts":1789169496,"type":"cat"},"cat":{"user":"","state":{"active":true,"ptt":false,"mode":"USB","vfo":"A","power":0,"width":3000,"freq":14074000,"widths":"1800,3000,3600"}}}
<event@crazy> send event ws.msg.cat: {"msg":{"ts":1789169496,"type":"cat"},"cat":{"user":"","state":{"active":true,"ptt":false,"mode":"USB","vfo":"A","width":3000,"power":0,"freq":14074000,"widths":"1800,3000,3600"}}}
<event@crazy> Firing event ws.msg.cat from cptr:<(nil)> with data:<0x55d1b1cf5690> user:(null)
<vfo@crazy> vfo_set_dict: VFO A
<vfo@crazy> vfo_parse_mode: USB
<event.match@crazy> Event ws.msg.cat from cptr:<(nil)> hit 1 times
<http@crazy> ws_handle_cli: msg={"msg":{"ts":1789169496,"type":"cat"},"cat":{"user":"","state":{"active":false,"ptt":false,"mode":"USB","vfo":"B","power":0,"width":3000,"freq":14074000,"widths":"1800,3000,3600"}}}
<event@crazy> send event ws.msg.cat: {"msg":{"ts":1789169496,"type":"cat"},"cat":{"user":"","state":{"active":false,"ptt":false,"mode":"USB","vfo":"B","width":3000,"power":0,"freq":14074000,"widths":"1800,3000,3600"}}}
<event@crazy> Firing event ws.msg.cat from cptr:<(nil)> with data:<0x55d1b1cf5690> user:(null)
<vfo@crazy> vfo_set_dict: VFO B
<vfo@crazy> vfo_parse_mode: USB
<event.match@crazy> Event ws.msg.cat from cptr:<(nil)> hit 1 times
<http@crazy> ws_handle_cli: msg={"msg":{"ts":1789169511,"type":"cat"},"cat":{"user":"","state":{"active":true,"ptt":false,"mode":"USB","vfo":"A","power":0,"width":3000,"freq":14074000,"widths":"1800,3000,3600"}}}
<event@crazy> send event ws.msg.cat: {"msg":{"ts":1789169511,"type":"cat"},"cat":{"user":"","state":{"active":true,"ptt":false,"mode":"USB","vfo":"A","width":3000,"power":0,"freq":14074000,"widths":"1800,3000,3600"}}}
<event@crazy> Firing event ws.msg.cat from cptr:<(nil)> with data:<0x55d1b1cf5690> user:(null)
<vfo@crazy> vfo_set_dict: VFO A
<vfo@crazy> vfo_parse_mode: USB
<event.match@crazy> Event ws.msg.cat from cptr:<(nil)> hit 1 times
<http@crazy> ws_handle_cli: msg={"msg":{"ts":1789169511,"type":"cat"},"cat":{"user":"","state":{"active":false,"ptt":false,"mode":"USB","vfo":"B","power":0,"width":3000,"freq":14074000,"widths":"1800,3000,3600"}}}
<event@crazy> send event ws.msg.cat: {"msg":{"ts":1789169511,"type":"cat"},"cat":{"user":"","state":{"active":false,"ptt":false,"mode":"USB","vfo":"B","width":3000,"power":0,"freq":14074000,"widths":"1800,3000,3600"}}}
<event@crazy> Firing event ws.msg.cat from cptr:<(nil)> with data:<0x55d1b1cf5690> user:(null)
<vfo@crazy> vfo_set_dict: VFO B
<vfo@crazy> vfo_parse_mode: USB
<event.match@crazy> Event ws.msg.cat from cptr:<(nil)> hit 1 times
<http@crazy> ws_handle_cli: msg={"msg":{"ts":1789169526,"type":"cat"},"cat":{"user":"","state":{"active":true,"ptt":false,"mode":"USB","vfo":"A","power":0,"width":3000,"freq":14074000,"widths":"1800,3000,3600"}}}
<event@crazy> send event ws.msg.cat: {"msg":{"ts":1789169526,"type":"cat"},"cat":{"user":"","state":{"active":true,"ptt":false,"mode":"USB","vfo":"A","width":3000,"power":0,"freq":14074000,"widths":"1800,3000,3600"}}}
<event@crazy> Firing event ws.msg.cat from cptr:<(nil)> with data:<0x55d1b1cf5690> user:(null)
<vfo@crazy> vfo_set_dict: VFO A
<vfo@crazy> vfo_parse_mode: USB
<event.match@crazy> Event ws.msg.cat from cptr:<(nil)> hit 1 times
<http@crazy> ws_handle_cli: msg={"msg":{"ts":1789169526,"type":"cat"},"cat":{"user":"","state":{"active":false,"ptt":false,"mode":"USB","vfo":"B","power":0,"width":3000,"freq":14074000,"widths":"1800,3000,3600"}}}
<event@crazy> send event ws.msg.cat: {"msg":{"ts":1789169526,"type":"cat"},"cat":{"user":"","state":{"active":false,"ptt":false,"mode":"USB","vfo":"B","width":3000,"power":0,"freq":14074000,"widths":"1800,3000,3600"}}}
<event@crazy> Firing event ws.msg.cat from cptr:<(nil)> with data:<0x55d1b1cf5690> user:(null)
<vfo@crazy> vfo_set_dict: VFO B
<vfo@crazy> vfo_parse_mode: USB
<event.match@crazy> Event ws.msg.cat from cptr:<(nil)> hit 1 times
<http@crazy> ws_handle_cli: msg={"ping":{"ts":81186703095},"msg":{"ts":1789169541,"type":"ping"}}
<event@crazy> send event ws.msg.ping: {"msg":{"ts":1789169541,"type":"ping"},"ping":{"ts":81186703095}}
<event@crazy> Firing event ws.msg.ping from cptr:<(nil)> with data:<0x55d1b1cf5690> user:(null)
<ws.ping@crazy> Server ping: {"msg":{"ts":1789169541,"type":"ping"},"ping":{"ts":81186703095}}
<event.match@crazy> Event ws.msg.ping from cptr:<(nil)> hit 1 times
<ws.proto@crazy> Sending dict <0x55d1b1cf9a00> to conn <0x55d1b1ce8ff0>: {"ping":{"ts":81186703095},"msg":{"ts":1789169541,"type":"pong"}}
<http@crazy> ws_handle_cli: msg={"msg":{"ts":1789169541,"type":"cat"},"cat":{"user":"","state":{"active":true,"ptt":false,"mode":"USB","vfo":"A","power":0,"width":3000,"freq":14074000,"widths":"1800,3000,3600"}}}
<event@crazy> send event ws.msg.cat: {"msg":{"ts":1789169541,"type":"cat"},"cat":{"user":"","state":{"active":true,"ptt":false,"mode":"USB","vfo":"A","width":3000,"power":0,"freq":14074000,"widths":"1800,3000,3600"}}}
<event@crazy> Firing event ws.msg.cat from cptr:<(nil)> with data:<0x55d1b1cf5690> user:(null)
<vfo@crazy> vfo_set_dict: VFO A
<vfo@crazy> vfo_parse_mode: USB
<event.match@crazy> Event ws.msg.cat from cptr:<(nil)> hit 1 times
<http@crazy> ws_handle_cli: msg={"msg":{"ts":1789169541,"type":"cat"},"cat":{"user":"","state":{"active":false,"ptt":false,"mode":"USB","vfo":"B","power":0,"width":3000,"freq":14074000,"widths":"1800,3000,3600"}}}
<event@crazy> send event ws.msg.cat: {"msg":{"ts":1789169541,"type":"cat"},"cat":{"user":"","state":{"active":false,"ptt":false,"mode":"USB","vfo":"B","width":3000,"power":0,"freq":14074000,"widths":"1800,3000,3600"}}}
<event@crazy> Firing event ws.msg.cat from cptr:<(nil)> with data:<0x55d1b1cf5690> user:(null)
<vfo@crazy> vfo_set_dict: VFO B
<vfo@crazy> vfo_parse_mode: USB
<event.match@crazy> Event ws.msg.cat from cptr:<(nil)> hit 1 times
<http@crazy> ws_handle_cli: msg={"msg":{"ts":1789169556,"type":"cat"},"cat":{"user":"","state":{"active":true,"ptt":false,"mode":"USB","vfo":"A","power":0,"width":3000,"freq":14074000,"widths":"1800,3000,3600"}}}
<event@crazy> send event ws.msg.cat: {"msg":{"ts":1789169556,"type":"cat"},"cat":{"user":"","state":{"active":true,"ptt":false,"mode":"USB","vfo":"A","width":3000,"power":0,"freq":14074000,"widths":"1800,3000,3600"}}}
<event@crazy> Firing event ws.msg.cat from cptr:<(nil)> with data:<0x55d1b1cf5690> user:(null)
<vfo@crazy> vfo_set_dict: VFO A
<vfo@crazy> vfo_parse_mode: USB
<event.match@crazy> Event ws.msg.cat from cptr:<(nil)> hit 1 times
<http@crazy> ws_handle_cli: msg={"msg":{"ts":1789169556,"type":"cat"},"cat":{"user":"","state":{"active":false,"ptt":false,"mode":"USB","vfo":"B","power":0,"width":3000,"freq":14074000,"widths":"1800,3000,3600"}}}
<event@crazy> send event ws.msg.cat: {"msg":{"ts":1789169556,"type":"cat"},"cat":{"user":"","state":{"active":false,"ptt":false,"mode":"USB","vfo":"B","width":3000,"power":0,"freq":14074000,"widths":"1800,3000,3600"}}}
<event@crazy> Firing event ws.msg.cat from cptr:<(nil)> with data:<0x55d1b1cf5690> user:(null)
<vfo@crazy> vfo_set_dict: VFO B
<vfo@crazy> vfo_parse_mode: USB
<event.match@crazy> Event ws.msg.cat from cptr:<(nil)> hit 1 times
<http@crazy> ws_handle_cli: msg={"msg":{"ts":1789169571,"type":"cat"},"cat":{"user":"","state":{"active":true,"ptt":false,"mode":"USB","vfo":"A","power":0,"width":3000,"freq":14074000,"widths":"1800,3000,3600"}}}
<event@crazy> send event ws.msg.cat: {"msg":{"ts":1789169571,"type":"cat"},"cat":{"user":"","state":{"active":true,"ptt":false,"mode":"USB","vfo":"A","width":3000,"power":0,"freq":14074000,"widths":"1800,3000,3600"}}}
<event@crazy> Firing event ws.msg.cat from cptr:<(nil)> with data:<0x55d1b1cf5690> user:(null)
<vfo@crazy> vfo_set_dict: VFO A
<vfo@crazy> vfo_parse_mode: USB
<event.match@crazy> Event ws.msg.cat from cptr:<(nil)> hit 1 times
<http@crazy> ws_handle_cli: msg={"msg":{"ts":1789169571,"type":"cat"},"cat":{"user":"","state":{"active":false,"ptt":false,"mode":"USB","vfo":"B","power":0,"width":3000,"freq":14074000,"widths":"1800,3000,3600"}}}
<event@crazy> send event ws.msg.cat: {"msg":{"ts":1789169571,"type":"cat"},"cat":{"user":"","state":{"active":false,"ptt":false,"mode":"USB","vfo":"B","width":3000,"power":0,"freq":14074000,"widths":"1800,3000,3600"}}}
<event@crazy> Firing event ws.msg.cat from cptr:<(nil)> with data:<0x55d1b1cf5690> user:(null)
<vfo@crazy> vfo_set_dict: VFO B
<vfo@crazy> vfo_parse_mode: USB
<event.match@crazy> Event ws.msg.cat from cptr:<(nil)> hit 1 times
<http@crazy> ws_handle_cli: msg={"msg":{"ts":1789169586,"type":"cat"},"cat":{"user":"","state":{"active":true,"ptt":false,"mode":"USB","vfo":"A","power":0,"width":3000,"freq":14074000,"widths":"1800,3000,3600"}}}
<event@crazy> send event ws.msg.cat: {"msg":{"ts":1789169586,"type":"cat"},"cat":{"user":"","state":{"active":true,"ptt":false,"mode":"USB","vfo":"A","width":3000,"power":0,"freq":14074000,"widths":"1800,3000,3600"}}}
<event@crazy> Firing event ws.msg.cat from cptr:<(nil)> with data:<0x55d1b1cf5690> user:(null)
<vfo@crazy> vfo_set_dict: VFO A
<vfo@crazy> vfo_parse_mode: USB
<event.match@crazy> Event ws.msg.cat from cptr:<(nil)> hit 1 times
<http@crazy> ws_handle_cli: msg={"msg":{"ts":1789169586,"type":"cat"},"cat":{"user":"","state":{"active":false,"ptt":false,"mode":"USB","vfo":"B","power":0,"width":3000,"freq":14074000,"widths":"1800,3000,3600"}}}
<event@crazy> send event ws.msg.cat: {"msg":{"ts":1789169586,"type":"cat"},"cat":{"user":"","state":{"active":false,"ptt":false,"mode":"USB","vfo":"B","width":3000,"power":0,"freq":14074000,"widths":"1800,3000,3600"}}}
<event@crazy> Firing event ws.msg.cat from cptr:<(nil)> with data:<0x55d1b1cf5690> user:(null)
<vfo@crazy> vfo_set_dict: VFO B
<vfo@crazy> vfo_parse_mode: USB
<event.match@crazy> Event ws.msg.cat from cptr:<(nil)> hit 1 times
<http@crazy> ws_handle_cli: msg={"msg":{"ts":1789169601,"type":"cat"},"cat":{"user":"","state":{"active":true,"ptt":false,"mode":"USB","vfo":"A","power":0,"width":3000,"freq":14074000,"widths":"1800,3000,3600"}}}
<event@crazy> send event ws.msg.cat: {"msg":{"ts":1789169601,"type":"cat"},"cat":{"user":"","state":{"active":true,"ptt":false,"mode":"USB","vfo":"A","width":3000,"power":0,"freq":14074000,"widths":"1800,3000,3600"}}}
<event@crazy> Firing event ws.msg.cat from cptr:<(nil)> with data:<0x55d1b1cf5690> user:(null)
<vfo@crazy> vfo_set_dict: VFO A
<vfo@crazy> vfo_parse_mode: USB
<event.match@crazy> Event ws.msg.cat from cptr:<(nil)> hit 1 times
<http@crazy> ws_handle_cli: msg={"msg":{"ts":1789169601,"type":"cat"},"cat":{"user":"","state":{"active":false,"ptt":false,"mode":"USB","vfo":"B","power":0,"width":3000,"freq":14074000,"widths":"1800,3000,3600"}}}
<event@crazy> send event ws.msg.cat: {"msg":{"ts":1789169601,"type":"cat"},"cat":{"user":"","state":{"active":false,"ptt":false,"mode":"USB","vfo":"B","width":3000,"power":0,"freq":14074000,"widths":"1800,3000,3600"}}}
<event@crazy> Firing event ws.msg.cat from cptr:<(nil)> with data:<0x55d1b1cf5690> user:(null)
<vfo@crazy> vfo_set_dict: VFO B
<vfo@crazy> vfo_parse_mode: USB
<event.match@crazy> Event ws.msg.cat from cptr:<(nil)> hit 1 times
<http@crazy> ws_handle_cli: msg={"ping":{"ts":81248869393},"msg":{"ts":1789169604,"type":"ping"}}
<event@crazy> send event ws.msg.ping: {"msg":{"ts":1789169604,"type":"ping"},"ping":{"ts":81248869393}}
<event@crazy> Firing event ws.msg.ping from cptr:<(nil)> with data:<0x55d1b1cf5690> user:(null)
<ws.ping@crazy> Server ping: {"msg":{"ts":1789169604,"type":"ping"},"ping":{"ts":81248869393}}
<event.match@crazy> Event ws.msg.ping from cptr:<(nil)> hit 1 times
<ws.proto@crazy> Sending dict <0x55d1b1cfb5c0> to conn <0x55d1b1ce8ff0>: {"ping":{"ts":81248869393},"msg":{"ts":1789169604,"type":"pong"}}
<http@crazy> ws_handle_cli: msg={"msg":{"ts":1789169616,"type":"cat"},"cat":{"user":"","state":{"active":true,"ptt":false,"mode":"USB","vfo":"A","power":0,"width":3000,"freq":14074000,"widths":"1800,3000,3600"}}}
<event@crazy> send event ws.msg.cat: {"msg":{"ts":1789169616,"type":"cat"},"cat":{"user":"","state":{"active":true,"ptt":false,"mode":"USB","vfo":"A","width":3000,"power":0,"freq":14074000,"widths":"1800,3000,3600"}}}
<event@crazy> Firing event ws.msg.cat from cptr:<(nil)> with data:<0x55d1b1cf5690> user:(null)
<vfo@crazy> vfo_set_dict: VFO A
<vfo@crazy> vfo_parse_mode: USB
<event.match@crazy> Event ws.msg.cat from cptr:<(nil)> hit 1 times
<http@crazy> ws_handle_cli: msg={"msg":{"ts":1789169616,"type":"cat"},"cat":{"user":"","state":{"active":false,"ptt":false,"mode":"USB","vfo":"B","power":0,"width":3000,"freq":14074000,"widths":"1800,3000,3600"}}}
<event@crazy> send event ws.msg.cat: {"msg":{"ts":1789169616,"type":"cat"},"cat":{"user":"","state":{"active":false,"ptt":false,"mode":"USB","vfo":"B","width":3000,"power":0,"freq":14074000,"widths":"1800,3000,3600"}}}
<event@crazy> Firing event ws.msg.cat from cptr:<(nil)> with data:<0x55d1b1cf5690> user:(null)
<vfo@crazy> vfo_set_dict: VFO B
<vfo@crazy> vfo_parse_mode: USB
<event.match@crazy> Event ws.msg.cat from cptr:<(nil)> hit 1 times
<http@crazy> ws_handle_cli: msg={"msg":{"ts":1789169631,"type":"cat"},"cat":{"user":"","state":{"active":true,"ptt":false,"mode":"USB","vfo":"A","power":0,"width":3000,"freq":14074000,"widths":"1800,3000,3600"}}}
<event@crazy> send event ws.msg.cat: {"msg":{"ts":1789169631,"type":"cat"},"cat":{"user":"","state":{"active":true,"ptt":false,"mode":"USB","vfo":"A","width":3000,"power":0,"freq":14074000,"widths":"1800,3000,3600"}}}
<event@crazy> Firing event ws.msg.cat from cptr:<(nil)> with data:<0x55d1b1cf5690> user:(null)
<vfo@crazy> vfo_set_dict: VFO A
<vfo@crazy> vfo_parse_mode: USB
<event.match@crazy> Event ws.msg.cat from cptr:<(nil)> hit 1 times
<http@crazy> ws_handle_cli: msg={"msg":{"ts":1789169631,"type":"cat"},"cat":{"user":"","state":{"active":false,"ptt":false,"mode":"USB","vfo":"B","power":0,"width":3000,"freq":14074000,"widths":"1800,3000,3600"}}}
<event@crazy> send event ws.msg.cat: {"msg":{"ts":1789169631,"type":"cat"},"cat":{"user":"","state":{"active":false,"ptt":false,"mode":"USB","vfo":"B","width":3000,"power":0,"freq":14074000,"widths":"1800,3000,3600"}}}
<event@crazy> Firing event ws.msg.cat from cptr:<(nil)> with data:<0x55d1b1cf5690> user:(null)
<vfo@crazy> vfo_set_dict: VFO B
<vfo@crazy> vfo_parse_mode: USB
<event.match@crazy> Event ws.msg.cat from cptr:<(nil)> hit 1 times
<http@crazy> ws_handle_cli: msg={"msg":{"ts":1789169646,"type":"cat"},"cat":{"user":"","state":{"active":true,"ptt":false,"mode":"USB","vfo":"A","power":0,"width":3000,"freq":14074000,"widths":"1800,3000,3600"}}}
<event@crazy> send event ws.msg.cat: {"msg":{"ts":1789169646,"type":"cat"},"cat":{"user":"","state":{"active":true,"ptt":false,"mode":"USB","vfo":"A","width":3000,"power":0,"freq":14074000,"widths":"1800,3000,3600"}}}
<event@crazy> Firing event ws.msg.cat from cptr:<(nil)> with data:<0x55d1b1cf5690> user:(null)
<vfo@crazy> vfo_set_dict: VFO A
<vfo@crazy> vfo_parse_mode: USB
<event.match@crazy> Event ws.msg.cat from cptr:<(nil)> hit 1 times
<http@crazy> ws_handle_cli: msg={"msg":{"ts":1789169646,"type":"cat"},"cat":{"user":"","state":{"active":false,"ptt":false,"mode":"USB","vfo":"B","power":0,"width":3000,"freq":14074000,"widths":"1800,3000,3600"}}}
<event@crazy> send event ws.msg.cat: {"msg":{"ts":1789169646,"type":"cat"},"cat":{"user":"","state":{"active":false,"ptt":false,"mode":"USB","vfo":"B","width":3000,"power":0,"freq":14074000,"widths":"1800,3000,3600"}}}
<event@crazy> Firing event ws.msg.cat from cptr:<(nil)> with data:<0x55d1b1cf5690> user:(null)
<vfo@crazy> vfo_set_dict: VFO B
<vfo@crazy> vfo_parse_mode: USB
<event.match@crazy> Event ws.msg.cat from cptr:<(nil)> hit 1 times
<http@crazy> ws_handle_cli: msg={"msg":{"ts":1789169661,"type":"cat"},"cat":{"user":"","state":{"active":true,"ptt":false,"mode":"USB","vfo":"A","power":0,"width":3000,"freq":14074000,"widths":"1800,3000,3600"}}}
<event@crazy> send event ws.msg.cat: {"msg":{"ts":1789169661,"type":"cat"},"cat":{"user":"","state":{"active":true,"ptt":false,"mode":"USB","vfo":"A","width":3000,"power":0,"freq":14074000,"widths":"1800,3000,3600"}}}
<event@crazy> Firing event ws.msg.cat from cptr:<(nil)> with data:<0x55d1b1cf5690> user:(null)
<vfo@crazy> vfo_set_dict: VFO A
<vfo@crazy> vfo_parse_mode: USB
<event.match@crazy> Event ws.msg.cat from cptr:<(nil)> hit 1 times
<http@crazy> ws_handle_cli: msg={"msg":{"ts":1789169661,"type":"cat"},"cat":{"user":"","state":{"active":false,"ptt":false,"mode":"USB","vfo":"B","power":0,"width":3000,"freq":14074000,"widths":"1800,3000,3600"}}}
<event@crazy> send event ws.msg.cat: {"msg":{"ts":1789169661,"type":"cat"},"cat":{"user":"","state":{"active":false,"ptt":false,"mode":"USB","vfo":"B","width":3000,"power":0,"freq":14074000,"widths":"1800,3000,3600"}}}
<event@crazy> Firing event ws.msg.cat from cptr:<(nil)> with data:<0x55d1b1cf5690> user:(null)
<vfo@crazy> vfo_set_dict: VFO B
<vfo@crazy> vfo_parse_mode: USB
<event.match@crazy> Event ws.msg.cat from cptr:<(nil)> hit 1 times
<http@crazy> ws_handle_cli: msg={"ping":{"ts":81311043331},"msg":{"ts":1789169666,"type":"ping"}}
<event@crazy> send event ws.msg.ping: {"msg":{"ts":1789169666,"type":"ping"},"ping":{"ts":81311043331}}
<event@crazy> Firing event ws.msg.ping from cptr:<(nil)> with data:<0x55d1b1cf5690> user:(null)
<ws.ping@crazy> Server ping: {"msg":{"ts":1789169666,"type":"ping"},"ping":{"ts":81311043331}}
<event.match@crazy> Event ws.msg.ping from cptr:<(nil)> hit 1 times
<ws.proto@crazy> Sending dict <0x55d1b1cfaf20> to conn <0x55d1b1ce8ff0>: {"ping":{"ts":81311043331},"msg":{"ts":1789169666,"type":"pong"}}
<http@crazy> ws_handle_cli: msg={"msg":{"ts":1789169676,"type":"cat"},"cat":{"user":"","state":{"active":true,"ptt":false,"mode":"USB","vfo":"A","power":0,"width":3000,"freq":14074000,"widths":"1800,3000,3600"}}}
<event@crazy> send event ws.msg.cat: {"msg":{"ts":1789169676,"type":"cat"},"cat":{"user":"","state":{"active":true,"ptt":false,"mode":"USB","vfo":"A","width":3000,"power":0,"freq":14074000,"widths":"1800,3000,3600"}}}
<event@crazy> Firing event ws.msg.cat from cptr:<(nil)> with data:<0x55d1b1cf5690> user:(null)
<vfo@crazy> vfo_set_dict: VFO A
<vfo@crazy> vfo_parse_mode: USB
<event.match@crazy> Event ws.msg.cat from cptr:<(nil)> hit 1 times
<http@crazy> ws_handle_cli: msg={"msg":{"ts":1789169676,"type":"cat"},"cat":{"user":"","state":{"active":false,"ptt":false,"mode":"USB","vfo":"B","power":0,"width":3000,"freq":14074000,"widths":"1800,3000,3600"}}}
<event@crazy> send event ws.msg.cat: {"msg":{"ts":1789169676,"type":"cat"},"cat":{"user":"","state":{"active":false,"ptt":false,"mode":"USB","vfo":"B","width":3000,"power":0,"freq":14074000,"widths":"1800,3000,3600"}}}
<event@crazy> Firing event ws.msg.cat from cptr:<(nil)> with data:<0x55d1b1cf5690> user:(null)
<vfo@crazy> vfo_set_dict: VFO B
<vfo@crazy> vfo_parse_mode: USB
<event.match@crazy> Event ws.msg.cat from cptr:<(nil)> hit 1 times
<http@crazy> ws_handle_cli: msg={"msg":{"ts":1789169691,"type":"cat"},"cat":{"user":"","state":{"active":true,"ptt":false,"mode":"USB","vfo":"A","power":0,"width":3000,"freq":14074000,"widths":"1800,3000,3600"}}}
<event@crazy> send event ws.msg.cat: {"msg":{"ts":1789169691,"type":"cat"},"cat":{"user":"","state":{"active":true,"ptt":false,"mode":"USB","vfo":"A","width":3000,"power":0,"freq":14074000,"widths":"1800,3000,3600"}}}
<event@crazy> Firing event ws.msg.cat from cptr:<(nil)> with data:<0x55d1b1cf5690> user:(null)
<vfo@crazy> vfo_set_dict: VFO A
<vfo@crazy> vfo_parse_mode: USB
<event.match@crazy> Event ws.msg.cat from cptr:<(nil)> hit 1 times
<http@crazy> ws_handle_cli: msg={"msg":{"ts":1789169691,"type":"cat"},"cat":{"user":"","state":{"active":false,"ptt":false,"mode":"USB","vfo":"B","power":0,"width":3000,"freq":14074000,"widths":"1800,3000,3600"}}}
<event@crazy> send event ws.msg.cat: {"msg":{"ts":1789169691,"type":"cat"},"cat":{"user":"","state":{"active":false,"ptt":false,"mode":"USB","vfo":"B","width":3000,"power":0,"freq":14074000,"widths":"1800,3000,3600"}}}
<event@crazy> Firing event ws.msg.cat from cptr:<(nil)> with data:<0x55d1b1cf5690> user:(null)
<vfo@crazy> vfo_set_dict: VFO B
<vfo@crazy> vfo_parse_mode: USB
<event.match@crazy> Event ws.msg.cat from cptr:<(nil)> hit 1 times
<http@crazy> ws_handle_cli: msg={"msg":{"ts":1789169706,"type":"cat"},"cat":{"user":"","state":{"active":true,"ptt":false,"mode":"USB","vfo":"A","power":0,"width":3000,"freq":14074000,"widths":"1800,3000,3600"}}}
<event@crazy> send event ws.msg.cat: {"msg":{"ts":1789169706,"type":"cat"},"cat":{"user":"","state":{"active":true,"ptt":false,"mode":"USB","vfo":"A","width":3000,"power":0,"freq":14074000,"widths":"1800,3000,3600"}}}
<event@crazy> Firing event ws.msg.cat from cptr:<(nil)> with data:<0x55d1b1cf5690> user:(null)
<vfo@crazy> vfo_set_dict: VFO A
<vfo@crazy> vfo_parse_mode: USB
<event.match@crazy> Event ws.msg.cat from cptr:<(nil)> hit 1 times
<http@crazy> ws_handle_cli: msg={"msg":{"ts":1789169706,"type":"cat"},"cat":{"user":"","state":{"active":false,"ptt":false,"mode":"USB","vfo":"B","power":0,"width":3000,"freq":14074000,"widths":"1800,3000,3600"}}}
<event@crazy> send event ws.msg.cat: {"msg":{"ts":1789169706,"type":"cat"},"cat":{"user":"","state":{"active":false,"ptt":false,"mode":"USB","vfo":"B","width":3000,"power":0,"freq":14074000,"widths":"1800,3000,3600"}}}
<event@crazy> Firing event ws.msg.cat from cptr:<(nil)> with data:<0x55d1b1cf5690> user:(null)
<vfo@crazy> vfo_set_dict: VFO B
<vfo@crazy> vfo_parse_mode: USB
<event.match@crazy> Event ws.msg.cat from cptr:<(nil)> hit 1 times
<http@crazy> ws_handle_cli: msg={"msg":{"ts":1789169721,"type":"cat"},"cat":{"user":"","state":{"active":true,"ptt":false,"mode":"USB","vfo":"A","power":0,"width":3000,"freq":14074000,"widths":"1800,3000,3600"}}}
<event@crazy> send event ws.msg.cat: {"msg":{"ts":1789169721,"type":"cat"},"cat":{"user":"","state":{"active":true,"ptt":false,"mode":"USB","vfo":"A","width":3000,"power":0,"freq":14074000,"widths":"1800,3000,3600"}}}
<event@crazy> Firing event ws.msg.cat from cptr:<(nil)> with data:<0x55d1b1cf5690> user:(null)
<vfo@crazy> vfo_set_dict: VFO A
<vfo@crazy> vfo_parse_mode: USB
<event.match@crazy> Event ws.msg.cat from cptr:<(nil)> hit 1 times
<http@crazy> ws_handle_cli: msg={"msg":{"ts":1789169721,"type":"cat"},"cat":{"user":"","state":{"active":false,"ptt":false,"mode":"USB","vfo":"B","power":0,"width":3000,"freq":14074000,"widths":"1800,3000,3600"}}}
<event@crazy> send event ws.msg.cat: {"msg":{"ts":1789169721,"type":"cat"},"cat":{"user":"","state":{"active":false,"ptt":false,"mode":"USB","vfo":"B","width":3000,"power":0,"freq":14074000,"widths":"1800,3000,3600"}}}
<event@crazy> Firing event ws.msg.cat from cptr:<(nil)> with data:<0x55d1b1cf5690> user:(null)
<vfo@crazy> vfo_set_dict: VFO B
<vfo@crazy> vfo_parse_mode: USB
<event.match@crazy> Event ws.msg.cat from cptr:<(nil)> hit 1 times
<http@crazy> ws_handle_cli: msg={"ping":{"ts":81373235493},"msg":{"ts":1789169728,"type":"ping"}}
<event@crazy> send event ws.msg.ping: {"msg":{"ts":1789169728,"type":"ping"},"ping":{"ts":81373235493}}
<event@crazy> Firing event ws.msg.ping from cptr:<(nil)> with data:<0x55d1b1cf5690> user:(null)
<ws.ping@crazy> Server ping: {"msg":{"ts":1789169728,"type":"ping"},"ping":{"ts":81373235493}}
<event.match@crazy> Event ws.msg.ping from cptr:<(nil)> hit 1 times
<ws.proto@crazy> Sending dict <0x55d1b1cfa7e0> to conn <0x55d1b1ce8ff0>: {"ping":{"ts":81373235493},"msg":{"ts":1789169728,"type":"pong"}}
<http@crazy> ws_handle_cli: msg={"msg":{"ts":1789169736,"type":"cat"},"cat":{"user":"","state":{"active":true,"ptt":false,"mode":"USB","vfo":"A","power":0,"width":3000,"freq":14074000,"widths":"1800,3000,3600"}}}
<event@crazy> send event ws.msg.cat: {"msg":{"ts":1789169736,"type":"cat"},"cat":{"user":"","state":{"active":true,"ptt":false,"mode":"USB","vfo":"A","width":3000,"power":0,"freq":14074000,"widths":"1800,3000,3600"}}}
<event@crazy> Firing event ws.msg.cat from cptr:<(nil)> with data:<0x55d1b1cf5690> user:(null)
<vfo@crazy> vfo_set_dict: VFO A
<vfo@crazy> vfo_parse_mode: USB
<event.match@crazy> Event ws.msg.cat from cptr:<(nil)> hit 1 times
<http@crazy> ws_handle_cli: msg={"msg":{"ts":1789169736,"type":"cat"},"cat":{"user":"","state":{"active":false,"ptt":false,"mode":"USB","vfo":"B","power":0,"width":3000,"freq":14074000,"widths":"1800,3000,3600"}}}
<event@crazy> send event ws.msg.cat: {"msg":{"ts":1789169736,"type":"cat"},"cat":{"user":"","state":{"active":false,"ptt":false,"mode":"USB","vfo":"B","width":3000,"power":0,"freq":14074000,"widths":"1800,3000,3600"}}}
<event@crazy> Firing event ws.msg.cat from cptr:<(nil)> with data:<0x55d1b1cf5690> user:(null)
<vfo@crazy> vfo_set_dict: VFO B
<vfo@crazy> vfo_parse_mode: USB
<event.match@crazy> Event ws.msg.cat from cptr:<(nil)> hit 1 times
<http@crazy> ws_handle_cli: msg={"msg":{"ts":1789169751,"type":"cat"},"cat":{"user":"","state":{"active":true,"ptt":false,"mode":"USB","vfo":"A","power":0,"width":3000,"freq":14074000,"widths":"1800,3000,3600"}}}
<event@crazy> send event ws.msg.cat: {"msg":{"ts":1789169751,"type":"cat"},"cat":{"user":"","state":{"active":true,"ptt":false,"mode":"USB","vfo":"A","width":3000,"power":0,"freq":14074000,"widths":"1800,3000,3600"}}}
<event@crazy> Firing event ws.msg.cat from cptr:<(nil)> with data:<0x55d1b1cf5690> user:(null)
<vfo@crazy> vfo_set_dict: VFO A
<vfo@crazy> vfo_parse_mode: USB
<event.match@crazy> Event ws.msg.cat from cptr:<(nil)> hit 1 times
<http@crazy> ws_handle_cli: msg={"msg":{"ts":1789169751,"type":"cat"},"cat":{"user":"","state":{"active":false,"ptt":false,"mode":"USB","vfo":"B","power":0,"width":3000,"freq":14074000,"widths":"1800,3000,3600"}}}
<event@crazy> send event ws.msg.cat: {"msg":{"ts":1789169751,"type":"cat"},"cat":{"user":"","state":{"active":false,"ptt":false,"mode":"USB","vfo":"B","width":3000,"power":0,"freq":14074000,"widths":"1800,3000,3600"}}}
<event@crazy> Firing event ws.msg.cat from cptr:<(nil)> with data:<0x55d1b1cf5690> user:(null)
<vfo@crazy> vfo_set_dict: VFO B
<vfo@crazy> vfo_parse_mode: USB
<event.match@crazy> Event ws.msg.cat from cptr:<(nil)> hit 1 times
<http@crazy> ws_handle_cli: msg={"msg":{"ts":1789169766,"type":"cat"},"cat":{"user":"","state":{"active":true,"ptt":false,"mode":"USB","vfo":"A","power":0,"width":3000,"freq":14074000,"widths":"1800,3000,3600"}}}
<event@crazy> send event ws.msg.cat: {"msg":{"ts":1789169766,"type":"cat"},"cat":{"user":"","state":{"active":true,"ptt":false,"mode":"USB","vfo":"A","width":3000,"power":0,"freq":14074000,"widths":"1800,3000,3600"}}}
<event@crazy> Firing event ws.msg.cat from cptr:<(nil)> with data:<0x55d1b1cf5690> user:(null)
<vfo@crazy> vfo_set_dict: VFO A
<vfo@crazy> vfo_parse_mode: USB
<event.match@crazy> Event ws.msg.cat from cptr:<(nil)> hit 1 times
<http@crazy> ws_handle_cli: msg={"msg":{"ts":1789169766,"type":"cat"},"cat":{"user":"","state":{"active":false,"ptt":false,"mode":"USB","vfo":"B","power":0,"width":3000,"freq":14074000,"widths":"1800,3000,3600"}}}
<event@crazy> send event ws.msg.cat: {"msg":{"ts":1789169766,"type":"cat"},"cat":{"user":"","state":{"active":false,"ptt":false,"mode":"USB","vfo":"B","width":3000,"power":0,"freq":14074000,"widths":"1800,3000,3600"}}}
<event@crazy> Firing event ws.msg.cat from cptr:<(nil)> with data:<0x55d1b1cf5690> user:(null)
<vfo@crazy> vfo_set_dict: VFO B
<vfo@crazy> vfo_parse_mode: USB
<event.match@crazy> Event ws.msg.cat from cptr:<(nil)> hit 1 times
<http@crazy> ws_handle_cli: msg={"msg":{"ts":1789169781,"type":"cat"},"cat":{"user":"","state":{"active":true,"ptt":false,"mode":"USB","vfo":"A","power":0,"width":3000,"freq":14074000,"widths":"1800,3000,3600"}}}
<event@crazy> send event ws.msg.cat: {"msg":{"ts":1789169781,"type":"cat"},"cat":{"user":"","state":{"active":true,"ptt":false,"mode":"USB","vfo":"A","width":3000,"power":0,"freq":14074000,"widths":"1800,3000,3600"}}}
<event@crazy> Firing event ws.msg.cat from cptr:<(nil)> with data:<0x55d1b1cf5690> user:(null)
<vfo@crazy> vfo_set_dict: VFO A
<vfo@crazy> vfo_parse_mode: USB
<event.match@crazy> Event ws.msg.cat from cptr:<(nil)> hit 1 times
<http@crazy> ws_handle_cli: msg={"msg":{"ts":1789169781,"type":"cat"},"cat":{"user":"","state":{"active":false,"ptt":false,"mode":"USB","vfo":"B","power":0,"width":3000,"freq":14074000,"widths":"1800,3000,3600"}}}
<event@crazy> send event ws.msg.cat: {"msg":{"ts":1789169781,"type":"cat"},"cat":{"user":"","state":{"active":false,"ptt":false,"mode":"USB","vfo":"B","width":3000,"power":0,"freq":14074000,"widths":"1800,3000,3600"}}}
<event@crazy> Firing event ws.msg.cat from cptr:<(nil)> with data:<0x55d1b1cf5690> user:(null)
<vfo@crazy> vfo_set_dict: VFO B
<vfo@crazy> vfo_parse_mode: USB
<event.match@crazy> Event ws.msg.cat from cptr:<(nil)> hit 1 times
<http@crazy> ws_handle_cli: msg={"ping":{"ts":81435394030},"msg":{"ts":1789169790,"type":"ping"}}
<event@crazy> send event ws.msg.ping: {"msg":{"ts":1789169790,"type":"ping"},"ping":{"ts":81435394030}}
<event@crazy> Firing event ws.msg.ping from cptr:<(nil)> with data:<0x55d1b1cf5690> user:(null)
<ws.ping@crazy> Server ping: {"msg":{"ts":1789169790,"type":"ping"},"ping":{"ts":81435394030}}
<event.match@crazy> Event ws.msg.ping from cptr:<(nil)> hit 1 times
<ws.proto@crazy> Sending dict <0x55d1b1cfae80> to conn <0x55d1b1ce8ff0>: {"ping":{"ts":81435394030},"msg":{"ts":1789169790,"type":"pong"}}
<http@crazy> ws_handle_cli: msg={"msg":{"ts":1789169796,"type":"cat"},"cat":{"user":"","state":{"active":true,"ptt":false,"mode":"USB","vfo":"A","power":0,"width":3000,"freq":14074000,"widths":"1800,3000,3600"}}}
<event@crazy> send event ws.msg.cat: {"msg":{"ts":1789169796,"type":"cat"},"cat":{"user":"","state":{"active":true,"ptt":false,"mode":"USB","vfo":"A","width":3000,"power":0,"freq":14074000,"widths":"1800,3000,3600"}}}
<event@crazy> Firing event ws.msg.cat from cptr:<(nil)> with data:<0x55d1b1cf5690> user:(null)
<vfo@crazy> vfo_set_dict: VFO A
<vfo@crazy> vfo_parse_mode: USB
<event.match@crazy> Event ws.msg.cat from cptr:<(nil)> hit 1 times
<http@crazy> ws_handle_cli: msg={"msg":{"ts":1789169796,"type":"cat"},"cat":{"user":"","state":{"active":false,"ptt":false,"mode":"USB","vfo":"B","power":0,"width":3000,"freq":14074000,"widths":"1800,3000,3600"}}}
<event@crazy> send event ws.msg.cat: {"msg":{"ts":1789169796,"type":"cat"},"cat":{"user":"","state":{"active":false,"ptt":false,"mode":"USB","vfo":"B","width":3000,"power":0,"freq":14074000,"widths":"1800,3000,3600"}}}
<event@crazy> Firing event ws.msg.cat from cptr:<(nil)> with data:<0x55d1b1cf5690> user:(null)
<vfo@crazy> vfo_set_dict: VFO B
<vfo@crazy> vfo_parse_mode: USB
<event.match@crazy> Event ws.msg.cat from cptr:<(nil)> hit 1 times
<http@crazy> ws_handle_cli: msg={"msg":{"ts":1789169811,"type":"cat"},"cat":{"user":"","state":{"active":true,"ptt":false,"mode":"USB","vfo":"A","power":0,"width":3000,"freq":14074000,"widths":"1800,3000,3600"}}}
<event@crazy> send event ws.msg.cat: {"msg":{"ts":1789169811,"type":"cat"},"cat":{"user":"","state":{"active":true,"ptt":false,"mode":"USB","vfo":"A","width":3000,"power":0,"freq":14074000,"widths":"1800,3000,3600"}}}
<event@crazy> Firing event ws.msg.cat from cptr:<(nil)> with data:<0x55d1b1cf5690> user:(null)
<vfo@crazy> vfo_set_dict: VFO A
<vfo@crazy> vfo_parse_mode: USB
<event.match@crazy> Event ws.msg.cat from cptr:<(nil)> hit 1 times
<http@crazy> ws_handle_cli: msg={"msg":{"ts":1789169811,"type":"cat"},"cat":{"user":"","state":{"active":false,"ptt":false,"mode":"USB","vfo":"B","power":0,"width":3000,"freq":14074000,"widths":"1800,3000,3600"}}}
<event@crazy> send event ws.msg.cat: {"msg":{"ts":1789169811,"type":"cat"},"cat":{"user":"","state":{"active":false,"ptt":false,"mode":"USB","vfo":"B","width":3000,"power":0,"freq":14074000,"widths":"1800,3000,3600"}}}
<event@crazy> Firing event ws.msg.cat from cptr:<(nil)> with data:<0x55d1b1cf5690> user:(null)
<vfo@crazy> vfo_set_dict: VFO B
<vfo@crazy> vfo_parse_mode: USB
<event.match@crazy> Event ws.msg.cat from cptr:<(nil)> hit 1 times
<http@crazy> ws_handle_cli: msg={"msg":{"ts":1789169826,"type":"cat"},"cat":{"user":"","state":{"active":true,"ptt":false,"mode":"USB","vfo":"A","power":0,"width":3000,"freq":14074000,"widths":"1800,3000,3600"}}}
<event@crazy> send event ws.msg.cat: {"msg":{"ts":1789169826,"type":"cat"},"cat":{"user":"","state":{"active":true,"ptt":false,"mode":"USB","vfo":"A","width":3000,"power":0,"freq":14074000,"widths":"1800,3000,3600"}}}
<event@crazy> Firing event ws.msg.cat from cptr:<(nil)> with data:<0x55d1b1cf5690> user:(null)
<vfo@crazy> vfo_set_dict: VFO A
<vfo@crazy> vfo_parse_mode: USB
<event.match@crazy> Event ws.msg.cat from cptr:<(nil)> hit 1 times
<http@crazy> ws_handle_cli: msg={"msg":{"ts":1789169826,"type":"cat"},"cat":{"user":"","state":{"active":false,"ptt":false,"mode":"USB","vfo":"B","power":0,"width":3000,"freq":14074000,"widths":"1800,3000,3600"}}}
<event@crazy> send event ws.msg.cat: {"msg":{"ts":1789169826,"type":"cat"},"cat":{"user":"","state":{"active":false,"ptt":false,"mode":"USB","vfo":"B","width":3000,"power":0,"freq":14074000,"widths":"1800,3000,3600"}}}
<event@crazy> Firing event ws.msg.cat from cptr:<(nil)> with data:<0x55d1b1cf5690> user:(null)
<vfo@crazy> vfo_set_dict: VFO B
<vfo@crazy> vfo_parse_mode: USB
<event.match@crazy> Event ws.msg.cat from cptr:<(nil)> hit 1 times
<http@crazy> ws_handle_cli: msg={"msg":{"ts":1789169841,"type":"cat"},"cat":{"user":"","state":{"active":true,"ptt":false,"mode":"USB","vfo":"A","power":0,"width":3000,"freq":14074000,"widths":"1800,3000,3600"}}}
<event@crazy> send event ws.msg.cat: {"msg":{"ts":1789169841,"type":"cat"},"cat":{"user":"","state":{"active":true,"ptt":false,"mode":"USB","vfo":"A","width":3000,"power":0,"freq":14074000,"widths":"1800,3000,3600"}}}
<event@crazy> Firing event ws.msg.cat from cptr:<(nil)> with data:<0x55d1b1cf5690> user:(null)
<vfo@crazy> vfo_set_dict: VFO A
<vfo@crazy> vfo_parse_mode: USB
<event.match@crazy> Event ws.msg.cat from cptr:<(nil)> hit 1 times
<http@crazy> ws_handle_cli: msg={"msg":{"ts":1789169841,"type":"cat"},"cat":{"user":"","state":{"active":false,"ptt":false,"mode":"USB","vfo":"B","power":0,"width":3000,"freq":14074000,"widths":"1800,3000,3600"}}}
<event@crazy> send event ws.msg.cat: {"msg":{"ts":1789169841,"type":"cat"},"cat":{"user":"","state":{"active":false,"ptt":false,"mode":"USB","vfo":"B","width":3000,"power":0,"freq":14074000,"widths":"1800,3000,3600"}}}
<event@crazy> Firing event ws.msg.cat from cptr:<(nil)> with data:<0x55d1b1cf5690> user:(null)
<vfo@crazy> vfo_set_dict: VFO B
<vfo@crazy> vfo_parse_mode: USB
<event.match@crazy> Event ws.msg.cat from cptr:<(nil)> hit 1 times
<http@crazy> ws_handle_cli: msg={"ping":{"ts":81497557686},"msg":{"ts":1789169852,"type":"ping"}}
<event@crazy> send event ws.msg.ping: {"msg":{"ts":1789169852,"type":"ping"},"ping":{"ts":81497557686}}
<event@crazy> Firing event ws.msg.ping from cptr:<(nil)> with data:<0x55d1b1cf5690> user:(null)
<ws.ping@crazy> Server ping: {"msg":{"ts":1789169852,"type":"ping"},"ping":{"ts":81497557686}}
<event.match@crazy> Event ws.msg.ping from cptr:<(nil)> hit 1 times
<ws.proto@crazy> Sending dict <0x55d1b1cfb4a0> to conn <0x55d1b1ce8ff0>: {"ping":{"ts":81497557686},"msg":{"ts":1789169852,"type":"pong"}}
<http@crazy> ws_handle_cli: msg={"msg":{"ts":1789169856,"type":"cat"},"cat":{"user":"","state":{"active":true,"ptt":false,"mode":"USB","vfo":"A","power":0,"width":3000,"freq":14074000,"widths":"1800,3000,3600"}}}
<event@crazy> send event ws.msg.cat: {"msg":{"ts":1789169856,"type":"cat"},"cat":{"user":"","state":{"active":true,"ptt":false,"mode":"USB","vfo":"A","width":3000,"power":0,"freq":14074000,"widths":"1800,3000,3600"}}}
<event@crazy> Firing event ws.msg.cat from cptr:<(nil)> with data:<0x55d1b1cf5690> user:(null)
<vfo@crazy> vfo_set_dict: VFO A
<vfo@crazy> vfo_parse_mode: USB
<event.match@crazy> Event ws.msg.cat from cptr:<(nil)> hit 1 times
<http@crazy> ws_handle_cli: msg={"msg":{"ts":1789169856,"type":"cat"},"cat":{"user":"","state":{"active":false,"ptt":false,"mode":"USB","vfo":"B","power":0,"width":3000,"freq":14074000,"widths":"1800,3000,3600"}}}
<event@crazy> send event ws.msg.cat: {"msg":{"ts":1789169856,"type":"cat"},"cat":{"user":"","state":{"active":false,"ptt":false,"mode":"USB","vfo":"B","width":3000,"power":0,"freq":14074000,"widths":"1800,3000,3600"}}}
<event@crazy> Firing event ws.msg.cat from cptr:<(nil)> with data:<0x55d1b1cf5690> user:(null)
<vfo@crazy> vfo_set_dict: VFO B
<vfo@crazy> vfo_parse_mode: USB
<event.match@crazy> Event ws.msg.cat from cptr:<(nil)> hit 1 times
<http@crazy> ws_handle_cli: msg={"msg":{"ts":1789169871,"type":"cat"},"cat":{"user":"","state":{"active":true,"ptt":false,"mode":"USB","vfo":"A","power":0,"width":3000,"freq":14074000,"widths":"1800,3000,3600"}}}
<event@crazy> send event ws.msg.cat: {"msg":{"ts":1789169871,"type":"cat"},"cat":{"user":"","state":{"active":true,"ptt":false,"mode":"USB","vfo":"A","width":3000,"power":0,"freq":14074000,"widths":"1800,3000,3600"}}}
<event@crazy> Firing event ws.msg.cat from cptr:<(nil)> with data:<0x55d1b1cf5690> user:(null)
<vfo@crazy> vfo_set_dict: VFO A
<vfo@crazy> vfo_parse_mode: USB
<event.match@crazy> Event ws.msg.cat from cptr:<(nil)> hit 1 times
<http@crazy> ws_handle_cli: msg={"msg":{"ts":1789169871,"type":"cat"},"cat":{"user":"","state":{"active":false,"ptt":false,"mode":"USB","vfo":"B","power":0,"width":3000,"freq":14074000,"widths":"1800,3000,3600"}}}
<event@crazy> send event ws.msg.cat: {"msg":{"ts":1789169871,"type":"cat"},"cat":{"user":"","state":{"active":false,"ptt":false,"mode":"USB","vfo":"B","width":3000,"power":0,"freq":14074000,"widths":"1800,3000,3600"}}}
<event@crazy> Firing event ws.msg.cat from cptr:<(nil)> with data:<0x55d1b1cf5690> user:(null)
<vfo@crazy> vfo_set_dict: VFO B
<vfo@crazy> vfo_parse_mode: USB
<event.match@crazy> Event ws.msg.cat from cptr:<(nil)> hit 1 times
<http@crazy> ws_handle_cli: msg={"msg":{"ts":1789169886,"type":"cat"},"cat":{"user":"","state":{"active":true,"ptt":false,"mode":"USB","vfo":"A","power":0,"width":3000,"freq":14074000,"widths":"1800,3000,3600"}}}
<event@crazy> send event ws.msg.cat: {"msg":{"ts":1789169886,"type":"cat"},"cat":{"user":"","state":{"active":true,"ptt":false,"mode":"USB","vfo":"A","width":3000,"power":0,"freq":14074000,"widths":"1800,3000,3600"}}}
<event@crazy> Firing event ws.msg.cat from cptr:<(nil)> with data:<0x55d1b1cf5690> user:(null)
<vfo@crazy> vfo_set_dict: VFO A
<vfo@crazy> vfo_parse_mode: USB
<event.match@crazy> Event ws.msg.cat from cptr:<(nil)> hit 1 times
<http@crazy> ws_handle_cli: msg={"msg":{"ts":1789169886,"type":"cat"},"cat":{"user":"","state":{"active":false,"ptt":false,"mode":"USB","vfo":"B","power":0,"width":3000,"freq":14074000,"widths":"1800,3000,3600"}}}
<event@crazy> send event ws.msg.cat: {"msg":{"ts":1789169886,"type":"cat"},"cat":{"user":"","state":{"active":false,"ptt":false,"mode":"USB","vfo":"B","width":3000,"power":0,"freq":14074000,"widths":"1800,3000,3600"}}}
<event@crazy> Firing event ws.msg.cat from cptr:<(nil)> with data:<0x55d1b1cf5690> user:(null)
<vfo@crazy> vfo_set_dict: VFO B
<vfo@crazy> vfo_parse_mode: USB
<event.match@crazy> Event ws.msg.cat from cptr:<(nil)> hit 1 times
<http@crazy> ws_handle_cli: msg={"msg":{"ts":1789169901,"type":"cat"},"cat":{"user":"","state":{"active":true,"ptt":false,"mode":"USB","vfo":"A","power":0,"width":3000,"freq":14074000,"widths":"1800,3000,3600"}}}
<event@crazy> send event ws.msg.cat: {"msg":{"ts":1789169901,"type":"cat"},"cat":{"user":"","state":{"active":true,"ptt":false,"mode":"USB","vfo":"A","width":3000,"power":0,"freq":14074000,"widths":"1800,3000,3600"}}}
<event@crazy> Firing event ws.msg.cat from cptr:<(nil)> with data:<0x55d1b1cf5690> user:(null)
<vfo@crazy> vfo_set_dict: VFO A
<vfo@crazy> vfo_parse_mode: USB
<event.match@crazy> Event ws.msg.cat from cptr:<(nil)> hit 1 times
<http@crazy> ws_handle_cli: msg={"msg":{"ts":1789169901,"type":"cat"},"cat":{"user":"","state":{"active":false,"ptt":false,"mode":"USB","vfo":"B","power":0,"width":3000,"freq":14074000,"widths":"1800,3000,3600"}}}
<event@crazy> send event ws.msg.cat: {"msg":{"ts":1789169901,"type":"cat"},"cat":{"user":"","state":{"active":false,"ptt":false,"mode":"USB","vfo":"B","width":3000,"power":0,"freq":14074000,"widths":"1800,3000,3600"}}}
<event@crazy> Firing event ws.msg.cat from cptr:<(nil)> with data:<0x55d1b1cf5690> user:(null)
<vfo@crazy> vfo_set_dict: VFO B
<vfo@crazy> vfo_parse_mode: USB
<event.match@crazy> Event ws.msg.cat from cptr:<(nil)> hit 1 times
<http@crazy> ws_handle_cli: msg={"ping":{"ts":81559727944},"msg":{"ts":1789169914,"type":"ping"}}
<event@crazy> send event ws.msg.ping: {"msg":{"ts":1789169914,"type":"ping"},"ping":{"ts":81559727944}}
<event@crazy> Firing event ws.msg.ping from cptr:<(nil)> with data:<0x55d1b1cf5690> user:(null)
<ws.ping@crazy> Server ping: {"msg":{"ts":1789169914,"type":"ping"},"ping":{"ts":81559727944}}
<event.match@crazy> Event ws.msg.ping from cptr:<(nil)> hit 1 times
<ws.proto@crazy> Sending dict <0x55d1b1cfb520> to conn <0x55d1b1ce8ff0>: {"ping":{"ts":81559727944},"msg":{"ts":1789169914,"type":"pong"}}
<http@crazy> ws_handle_cli: msg={"msg":{"ts":1789169916,"type":"cat"},"cat":{"user":"","state":{"active":true,"ptt":false,"mode":"USB","vfo":"A","power":0,"width":3000,"freq":14074000,"widths":"1800,3000,3600"}}}
<event@crazy> send event ws.msg.cat: {"msg":{"ts":1789169916,"type":"cat"},"cat":{"user":"","state":{"active":true,"ptt":false,"mode":"USB","vfo":"A","width":3000,"power":0,"freq":14074000,"widths":"1800,3000,3600"}}}
<event@crazy> Firing event ws.msg.cat from cptr:<(nil)> with data:<0x55d1b1cf5690> user:(null)
<vfo@crazy> vfo_set_dict: VFO A
<vfo@crazy> vfo_parse_mode: USB
<event.match@crazy> Event ws.msg.cat from cptr:<(nil)> hit 1 times
<http@crazy> ws_handle_cli: msg={"msg":{"ts":1789169916,"type":"cat"},"cat":{"user":"","state":{"active":false,"ptt":false,"mode":"USB","vfo":"B","power":0,"width":3000,"freq":14074000,"widths":"1800,3000,3600"}}}
<event@crazy> send event ws.msg.cat: {"msg":{"ts":1789169916,"type":"cat"},"cat":{"user":"","state":{"active":false,"ptt":false,"mode":"USB","vfo":"B","width":3000,"power":0,"freq":14074000,"widths":"1800,3000,3600"}}}
<event@crazy> Firing event ws.msg.cat from cptr:<(nil)> with data:<0x55d1b1cf5690> user:(null)
<vfo@crazy> vfo_set_dict: VFO B
<vfo@crazy> vfo_parse_mode: USB
<event.match@crazy> Event ws.msg.cat from cptr:<(nil)> hit 1 times
<http@crazy> ws_handle_cli: msg={"msg":{"ts":1789169931,"type":"cat"},"cat":{"user":"","state":{"active":true,"ptt":false,"mode":"USB","vfo":"A","power":0,"width":3000,"freq":14074000,"widths":"1800,3000,3600"}}}
<event@crazy> send event ws.msg.cat: {"msg":{"ts":1789169931,"type":"cat"},"cat":{"user":"","state":{"active":true,"ptt":false,"mode":"USB","vfo":"A","width":3000,"power":0,"freq":14074000,"widths":"1800,3000,3600"}}}
<event@crazy> Firing event ws.msg.cat from cptr:<(nil)> with data:<0x55d1b1cf5690> user:(null)
<vfo@crazy> vfo_set_dict: VFO A
<vfo@crazy> vfo_parse_mode: USB
<event.match@crazy> Event ws.msg.cat from cptr:<(nil)> hit 1 times
<http@crazy> ws_handle_cli: msg={"msg":{"ts":1789169931,"type":"cat"},"cat":{"user":"","state":{"active":false,"ptt":false,"mode":"USB","vfo":"B","power":0,"width":3000,"freq":14074000,"widths":"1800,3000,3600"}}}
<event@crazy> send event ws.msg.cat: {"msg":{"ts":1789169931,"type":"cat"},"cat":{"user":"","state":{"active":false,"ptt":false,"mode":"USB","vfo":"B","width":3000,"power":0,"freq":14074000,"widths":"1800,3000,3600"}}}
<event@crazy> Firing event ws.msg.cat from cptr:<(nil)> with data:<0x55d1b1cf5690> user:(null)
<vfo@crazy> vfo_set_dict: VFO B
<vfo@crazy> vfo_parse_mode: USB
<event.match@crazy> Event ws.msg.cat from cptr:<(nil)> hit 1 times
<http@crazy> ws_handle_cli: msg={"msg":{"ts":1789169946,"type":"cat"},"cat":{"user":"","state":{"active":true,"ptt":false,"mode":"USB","vfo":"A","power":0,"width":3000,"freq":14074000,"widths":"1800,3000,3600"}}}
<event@crazy> send event ws.msg.cat: {"msg":{"ts":1789169946,"type":"cat"},"cat":{"user":"","state":{"active":true,"ptt":false,"mode":"USB","vfo":"A","width":3000,"power":0,"freq":14074000,"widths":"1800,3000,3600"}}}
<event@crazy> Firing event ws.msg.cat from cptr:<(nil)> with data:<0x55d1b1cf5690> user:(null)
<vfo@crazy> vfo_set_dict: VFO A
<vfo@crazy> vfo_parse_mode: USB
<event.match@crazy> Event ws.msg.cat from cptr:<(nil)> hit 1 times
<http@crazy> ws_handle_cli: msg={"msg":{"ts":1789169946,"type":"cat"},"cat":{"user":"","state":{"active":false,"ptt":false,"mode":"USB","vfo":"B","power":0,"width":3000,"freq":14074000,"widths":"1800,3000,3600"}}}
<event@crazy> send event ws.msg.cat: {"msg":{"ts":1789169946,"type":"cat"},"cat":{"user":"","state":{"active":false,"ptt":false,"mode":"USB","vfo":"B","width":3000,"power":0,"freq":14074000,"widths":"1800,3000,3600"}}}
<event@crazy> Firing event ws.msg.cat from cptr:<(nil)> with data:<0x55d1b1cf5690> user:(null)
<vfo@crazy> vfo_set_dict: VFO B
<vfo@crazy> vfo_parse_mode: USB
<event.match@crazy> Event ws.msg.cat from cptr:<(nil)> hit 1 times
<http@crazy> ws_handle_cli: msg={"msg":{"ts":1789169961,"type":"cat"},"cat":{"user":"","state":{"active":true,"ptt":false,"mode":"USB","vfo":"A","power":0,"width":3000,"freq":14074000,"widths":"1800,3000,3600"}}}
<event@crazy> send event ws.msg.cat: {"msg":{"ts":1789169961,"type":"cat"},"cat":{"user":"","state":{"active":true,"ptt":false,"mode":"USB","vfo":"A","width":3000,"power":0,"freq":14074000,"widths":"1800,3000,3600"}}}
<event@crazy> Firing event ws.msg.cat from cptr:<(nil)> with data:<0x55d1b1cf5690> user:(null)
<vfo@crazy> vfo_set_dict: VFO A
<vfo@crazy> vfo_parse_mode: USB
<event.match@crazy> Event ws.msg.cat from cptr:<(nil)> hit 1 times
<http@crazy> ws_handle_cli: msg={"msg":{"ts":1789169961,"type":"cat"},"cat":{"user":"","state":{"active":false,"ptt":false,"mode":"USB","vfo":"B","power":0,"width":3000,"freq":14074000,"widths":"1800,3000,3600"}}}
<event@crazy> send event ws.msg.cat: {"msg":{"ts":1789169961,"type":"cat"},"cat":{"user":"","state":{"active":false,"ptt":false,"mode":"USB","vfo":"B","width":3000,"power":0,"freq":14074000,"widths":"1800,3000,3600"}}}
<event@crazy> Firing event ws.msg.cat from cptr:<(nil)> with data:<0x55d1b1cf5690> user:(null)
<vfo@crazy> vfo_set_dict: VFO B
<vfo@crazy> vfo_parse_mode: USB
<event.match@crazy> Event ws.msg.cat from cptr:<(nil)> hit 1 times
<http@crazy> ws_handle_cli: msg={"msg":{"ts":1789169976,"type":"cat"},"cat":{"user":"","state":{"active":true,"ptt":false,"mode":"USB","vfo":"A","power":0,"width":3000,"freq":14074000,"widths":"1800,3000,3600"}}}
<event@crazy> send event ws.msg.cat: {"msg":{"ts":1789169976,"type":"cat"},"cat":{"user":"","state":{"active":true,"ptt":false,"mode":"USB","vfo":"A","width":3000,"power":0,"freq":14074000,"widths":"1800,3000,3600"}}}
<event@crazy> Firing event ws.msg.cat from cptr:<(nil)> with data:<0x55d1b1cf5690> user:(null)
<vfo@crazy> vfo_set_dict: VFO A
<vfo@crazy> vfo_parse_mode: USB
<event.match@crazy> Event ws.msg.cat from cptr:<(nil)> hit 1 times
<http@crazy> ws_handle_cli: msg={"msg":{"ts":1789169976,"type":"cat"},"cat":{"user":"","state":{"active":false,"ptt":false,"mode":"USB","vfo":"B","power":0,"width":3000,"freq":14074000,"widths":"1800,3000,3600"}}}
<event@crazy> send event ws.msg.cat: {"msg":{"ts":1789169976,"type":"cat"},"cat":{"user":"","state":{"active":false,"ptt":false,"mode":"USB","vfo":"B","width":3000,"power":0,"freq":14074000,"widths":"1800,3000,3600"}}}
<event@crazy> Firing event ws.msg.cat from cptr:<(nil)> with data:<0x55d1b1cf5690> user:(null)
<vfo@crazy> vfo_set_dict: VFO B
<vfo@crazy> vfo_parse_mode: USB
<event.match@crazy> Event ws.msg.cat from cptr:<(nil)> hit 1 times
<http@crazy> ws_handle_cli: msg={"ping":{"ts":81621907092},"msg":{"ts":1789169977,"type":"ping"}}
<event@crazy> send event ws.msg.ping: {"msg":{"ts":1789169977,"type":"ping"},"ping":{"ts":81621907092}}
<event@crazy> Firing event ws.msg.ping from cptr:<(nil)> with data:<0x55d1b1cf5690> user:(null)
<ws.ping@crazy> Server ping: {"msg":{"ts":1789169977,"type":"ping"},"ping":{"ts":81621907092}}
<event.match@crazy> Event ws.msg.ping from cptr:<(nil)> hit 1 times
<ws.proto@crazy> Sending dict <0x55d1b1cfa980> to conn <0x55d1b1ce8ff0>: {"ping":{"ts":81621907092},"msg":{"ts":1789169977,"type":"pong"}}
<http@crazy> ws_handle_cli: msg={"msg":{"ts":1789169991,"type":"cat"},"cat":{"user":"","state":{"active":true,"ptt":false,"mode":"USB","vfo":"A","power":0,"width":3000,"freq":14074000,"widths":"1800,3000,3600"}}}
<event@crazy> send event ws.msg.cat: {"msg":{"ts":1789169991,"type":"cat"},"cat":{"user":"","state":{"active":true,"ptt":false,"mode":"USB","vfo":"A","width":3000,"power":0,"freq":14074000,"widths":"1800,3000,3600"}}}
<event@crazy> Firing event ws.msg.cat from cptr:<(nil)> with data:<0x55d1b1cf5690> user:(null)
<vfo@crazy> vfo_set_dict: VFO A
<vfo@crazy> vfo_parse_mode: USB
<event.match@crazy> Event ws.msg.cat from cptr:<(nil)> hit 1 times
<http@crazy> ws_handle_cli: msg={"msg":{"ts":1789169991,"type":"cat"},"cat":{"user":"","state":{"active":false,"ptt":false,"mode":"USB","vfo":"B","power":0,"width":3000,"freq":14074000,"widths":"1800,3000,3600"}}}
<event@crazy> send event ws.msg.cat: {"msg":{"ts":1789169991,"type":"cat"},"cat":{"user":"","state":{"active":false,"ptt":false,"mode":"USB","vfo":"B","width":3000,"power":0,"freq":14074000,"widths":"1800,3000,3600"}}}
<event@crazy> Firing event ws.msg.cat from cptr:<(nil)> with data:<0x55d1b1cf5690> user:(null)
<vfo@crazy> vfo_set_dict: VFO B
<vfo@crazy> vfo_parse_mode: USB
<event.match@crazy> Event ws.msg.cat from cptr:<(nil)> hit 1 times
<http@crazy> ws_handle_cli: msg={"msg":{"ts":1789170006,"type":"cat"},"cat":{"user":"","state":{"active":true,"ptt":false,"mode":"USB","vfo":"A","power":0,"width":3000,"freq":14074000,"widths":"1800,3000,3600"}}}
<event@crazy> send event ws.msg.cat: {"msg":{"ts":1789170006,"type":"cat"},"cat":{"user":"","state":{"active":true,"ptt":false,"mode":"USB","vfo":"A","width":3000,"power":0,"freq":14074000,"widths":"1800,3000,3600"}}}
<event@crazy> Firing event ws.msg.cat from cptr:<(nil)> with data:<0x55d1b1cf5690> user:(null)
<vfo@crazy> vfo_set_dict: VFO A
<vfo@crazy> vfo_parse_mode: USB
<event.match@crazy> Event ws.msg.cat from cptr:<(nil)> hit 1 times
<http@crazy> ws_handle_cli: msg={"msg":{"ts":1789170006,"type":"cat"},"cat":{"user":"","state":{"active":false,"ptt":false,"mode":"USB","vfo":"B","power":0,"width":3000,"freq":14074000,"widths":"1800,3000,3600"}}}
<event@crazy> send event ws.msg.cat: {"msg":{"ts":1789170006,"type":"cat"},"cat":{"user":"","state":{"active":false,"ptt":false,"mode":"USB","vfo":"B","width":3000,"power":0,"freq":14074000,"widths":"1800,3000,3600"}}}
<event@crazy> Firing event ws.msg.cat from cptr:<(nil)> with data:<0x55d1b1cf5690> user:(null)
<vfo@crazy> vfo_set_dict: VFO B
<vfo@crazy> vfo_parse_mode: USB
<event.match@crazy> Event ws.msg.cat from cptr:<(nil)> hit 1 times
<http@crazy> ws_handle_cli: msg={"msg":{"ts":1789170021,"type":"cat"},"cat":{"user":"","state":{"active":true,"ptt":false,"mode":"USB","vfo":"A","power":0,"width":3000,"freq":14074000,"widths":"1800,3000,3600"}}}
<event@crazy> send event ws.msg.cat: {"msg":{"ts":1789170021,"type":"cat"},"cat":{"user":"","state":{"active":true,"ptt":false,"mode":"USB","vfo":"A","width":3000,"power":0,"freq":14074000,"widths":"1800,3000,3600"}}}
<event@crazy> Firing event ws.msg.cat from cptr:<(nil)> with data:<0x55d1b1cf5690> user:(null)
<vfo@crazy> vfo_set_dict: VFO A
<vfo@crazy> vfo_parse_mode: USB
<event.match@crazy> Event ws.msg.cat from cptr:<(nil)> hit 1 times
<http@crazy> ws_handle_cli: msg={"msg":{"ts":1789170021,"type":"cat"},"cat":{"user":"","state":{"active":false,"ptt":false,"mode":"USB","vfo":"B","power":0,"width":3000,"freq":14074000,"widths":"1800,3000,3600"}}}
<event@crazy> send event ws.msg.cat: {"msg":{"ts":1789170021,"type":"cat"},"cat":{"user":"","state":{"active":false,"ptt":false,"mode":"USB","vfo":"B","width":3000,"power":0,"freq":14074000,"widths":"1800,3000,3600"}}}
<event@crazy> Firing event ws.msg.cat from cptr:<(nil)> with data:<0x55d1b1cf5690> user:(null)
<vfo@crazy> vfo_set_dict: VFO B
<vfo@crazy> vfo_parse_mode: USB
<event.match@crazy> Event ws.msg.cat from cptr:<(nil)> hit 1 times
<http@crazy> ws_handle_cli: msg={"msg":{"ts":1789170036,"type":"cat"},"cat":{"user":"","state":{"active":true,"ptt":false,"mode":"USB","vfo":"A","power":0,"width":3000,"freq":14074000,"widths":"1800,3000,3600"}}}
<event@crazy> send event ws.msg.cat: {"msg":{"ts":1789170036,"type":"cat"},"cat":{"user":"","state":{"active":true,"ptt":false,"mode":"USB","vfo":"A","width":3000,"power":0,"freq":14074000,"widths":"1800,3000,3600"}}}
<event@crazy> Firing event ws.msg.cat from cptr:<(nil)> with data:<0x55d1b1cf5690> user:(null)
<vfo@crazy> vfo_set_dict: VFO A
<vfo@crazy> vfo_parse_mode: USB
<event.match@crazy> Event ws.msg.cat from cptr:<(nil)> hit 1 times
<http@crazy> ws_handle_cli: msg={"msg":{"ts":1789170036,"type":"cat"},"cat":{"user":"","state":{"active":false,"ptt":false,"mode":"USB","vfo":"B","power":0,"width":3000,"freq":14074000,"widths":"1800,3000,3600"}}}
<event@crazy> send event ws.msg.cat: {"msg":{"ts":1789170036,"type":"cat"},"cat":{"user":"","state":{"active":false,"ptt":false,"mode":"USB","vfo":"B","width":3000,"power":0,"freq":14074000,"widths":"1800,3000,3600"}}}
<event@crazy> Firing event ws.msg.cat from cptr:<(nil)> with data:<0x55d1b1cf5690> user:(null)
<vfo@crazy> vfo_set_dict: VFO B
<vfo@crazy> vfo_parse_mode: USB
<event.match@crazy> Event ws.msg.cat from cptr:<(nil)> hit 1 times
<http@crazy> ws_handle_cli: msg={"ping":{"ts":81684073190},"msg":{"ts":1789170039,"type":"ping"}}
<event@crazy> send event ws.msg.ping: {"msg":{"ts":1789170039,"type":"ping"},"ping":{"ts":81684073190}}
<event@crazy> Firing event ws.msg.ping from cptr:<(nil)> with data:<0x55d1b1cf5690> user:(null)
<ws.ping@crazy> Server ping: {"msg":{"ts":1789170039,"type":"ping"},"ping":{"ts":81684073190}}
<event.match@crazy> Event ws.msg.ping from cptr:<(nil)> hit 1 times
<ws.proto@crazy> Sending dict <0x55d1b1cf9df0> to conn <0x55d1b1ce8ff0>: {"ping":{"ts":81684073190},"msg":{"ts":1789170039,"type":"pong"}}
<http@crazy> ws_handle_cli: msg={"msg":{"ts":1789170051,"type":"cat"},"cat":{"user":"","state":{"active":true,"ptt":false,"mode":"USB","vfo":"A","power":0,"width":3000,"freq":14074000,"widths":"1800,3000,3600"}}}
<event@crazy> send event ws.msg.cat: {"msg":{"ts":1789170051,"type":"cat"},"cat":{"user":"","state":{"active":true,"ptt":false,"mode":"USB","vfo":"A","width":3000,"power":0,"freq":14074000,"widths":"1800,3000,3600"}}}
<event@crazy> Firing event ws.msg.cat from cptr:<(nil)> with data:<0x55d1b1cf5690> user:(null)
<vfo@crazy> vfo_set_dict: VFO A
<vfo@crazy> vfo_parse_mode: USB
<event.match@crazy> Event ws.msg.cat from cptr:<(nil)> hit 1 times
<http@crazy> ws_handle_cli: msg={"msg":{"ts":1789170051,"type":"cat"},"cat":{"user":"","state":{"active":false,"ptt":false,"mode":"USB","vfo":"B","power":0,"width":3000,"freq":14074000,"widths":"1800,3000,3600"}}}
<event@crazy> send event ws.msg.cat: {"msg":{"ts":1789170051,"type":"cat"},"cat":{"user":"","state":{"active":false,"ptt":false,"mode":"USB","vfo":"B","width":3000,"power":0,"freq":14074000,"widths":"1800,3000,3600"}}}
<event@crazy> Firing event ws.msg.cat from cptr:<(nil)> with data:<0x55d1b1cf5690> user:(null)
<vfo@crazy> vfo_set_dict: VFO B
<vfo@crazy> vfo_parse_mode: USB
<event.match@crazy> Event ws.msg.cat from cptr:<(nil)> hit 1 times
<http@crazy> ws_handle_cli: msg={"msg":{"ts":1789170066,"type":"cat"},"cat":{"user":"","state":{"active":true,"ptt":false,"mode":"USB","vfo":"A","power":0,"width":3000,"freq":14074000,"widths":"1800,3000,3600"}}}
<event@crazy> send event ws.msg.cat: {"msg":{"ts":1789170066,"type":"cat"},"cat":{"user":"","state":{"active":true,"ptt":false,"mode":"USB","vfo":"A","width":3000,"power":0,"freq":14074000,"widths":"1800,3000,3600"}}}
<event@crazy> Firing event ws.msg.cat from cptr:<(nil)> with data:<0x55d1b1cf5690> user:(null)
<vfo@crazy> vfo_set_dict: VFO A
<vfo@crazy> vfo_parse_mode: USB
<event.match@crazy> Event ws.msg.cat from cptr:<(nil)> hit 1 times
<http@crazy> ws_handle_cli: msg={"msg":{"ts":1789170066,"type":"cat"},"cat":{"user":"","state":{"active":false,"ptt":false,"mode":"USB","vfo":"B","power":0,"width":3000,"freq":14074000,"widths":"1800,3000,3600"}}}
<event@crazy> send event ws.msg.cat: {"msg":{"ts":1789170066,"type":"cat"},"cat":{"user":"","state":{"active":false,"ptt":false,"mode":"USB","vfo":"B","width":3000,"power":0,"freq":14074000,"widths":"1800,3000,3600"}}}
<event@crazy> Firing event ws.msg.cat from cptr:<(nil)> with data:<0x55d1b1cf5690> user:(null)
<vfo@crazy> vfo_set_dict: VFO B
<vfo@crazy> vfo_parse_mode: USB
<event.match@crazy> Event ws.msg.cat from cptr:<(nil)> hit 1 times
<http@crazy> ws_handle_cli: msg={"msg":{"ts":1789170081,"type":"cat"},"cat":{"user":"","state":{"active":true,"ptt":false,"mode":"USB","vfo":"A","power":0,"width":3000,"freq":14074000,"widths":"1800,3000,3600"}}}
<event@crazy> send event ws.msg.cat: {"msg":{"ts":1789170081,"type":"cat"},"cat":{"user":"","state":{"active":true,"ptt":false,"mode":"USB","vfo":"A","width":3000,"power":0,"freq":14074000,"widths":"1800,3000,3600"}}}
<event@crazy> Firing event ws.msg.cat from cptr:<(nil)> with data:<0x55d1b1cf5690> user:(null)
<vfo@crazy> vfo_set_dict: VFO A
<vfo@crazy> vfo_parse_mode: USB
<event.match@crazy> Event ws.msg.cat from cptr:<(nil)> hit 1 times
<http@crazy> ws_handle_cli: msg={"msg":{"ts":1789170081,"type":"cat"},"cat":{"user":"","state":{"active":false,"ptt":false,"mode":"USB","vfo":"B","power":0,"width":3000,"freq":14074000,"widths":"1800,3000,3600"}}}
<event@crazy> send event ws.msg.cat: {"msg":{"ts":1789170081,"type":"cat"},"cat":{"user":"","state":{"active":false,"ptt":false,"mode":"USB","vfo":"B","width":3000,"power":0,"freq":14074000,"widths":"1800,3000,3600"}}}
<event@crazy> Firing event ws.msg.cat from cptr:<(nil)> with data:<0x55d1b1cf5690> user:(null)
<vfo@crazy> vfo_set_dict: VFO B
<vfo@crazy> vfo_parse_mode: USB
<event.match@crazy> Event ws.msg.cat from cptr:<(nil)> hit 1 times
<http@crazy> ws_handle_cli: msg={"msg":{"ts":1789170096,"type":"cat"},"cat":{"user":"","state":{"active":true,"ptt":false,"mode":"USB","vfo":"A","power":0,"width":3000,"freq":14074000,"widths":"1800,3000,3600"}}}
<event@crazy> send event ws.msg.cat: {"msg":{"ts":1789170096,"type":"cat"},"cat":{"user":"","state":{"active":true,"ptt":false,"mode":"USB","vfo":"A","width":3000,"power":0,"freq":14074000,"widths":"1800,3000,3600"}}}
<event@crazy> Firing event ws.msg.cat from cptr:<(nil)> with data:<0x55d1b1cf5690> user:(null)
<vfo@crazy> vfo_set_dict: VFO A
<vfo@crazy> vfo_parse_mode: USB
<event.match@crazy> Event ws.msg.cat from cptr:<(nil)> hit 1 times
<http@crazy> ws_handle_cli: msg={"msg":{"ts":1789170096,"type":"cat"},"cat":{"user":"","state":{"active":false,"ptt":false,"mode":"USB","vfo":"B","power":0,"width":3000,"freq":14074000,"widths":"1800,3000,3600"}}}
<event@crazy> send event ws.msg.cat: {"msg":{"ts":1789170096,"type":"cat"},"cat":{"user":"","state":{"active":false,"ptt":false,"mode":"USB","vfo":"B","width":3000,"power":0,"freq":14074000,"widths":"1800,3000,3600"}}}
<event@crazy> Firing event ws.msg.cat from cptr:<(nil)> with data:<0x55d1b1cf5690> user:(null)
<vfo@crazy> vfo_set_dict: VFO B
<vfo@crazy> vfo_parse_mode: USB
<event.match@crazy> Event ws.msg.cat from cptr:<(nil)> hit 1 times
<http@crazy> ws_handle_cli: msg={"ping":{"ts":81746245901},"msg":{"ts":1789170101,"type":"ping"}}
<event@crazy> send event ws.msg.ping: {"msg":{"ts":1789170101,"type":"ping"},"ping":{"ts":81746245901}}
<event@crazy> Firing event ws.msg.ping from cptr:<(nil)> with data:<0x55d1b1cf5690> user:(null)
<ws.ping@crazy> Server ping: {"msg":{"ts":1789170101,"type":"ping"},"ping":{"ts":81746245901}}
<event.match@crazy> Event ws.msg.ping from cptr:<(nil)> hit 1 times
<ws.proto@crazy> Sending dict <0x55d1b1cf9ad0> to conn <0x55d1b1ce8ff0>: {"ping":{"ts":81746245901},"msg":{"ts":1789170101,"type":"pong"}}
<http@crazy> ws_handle_cli: msg={"msg":{"ts":1789170111,"type":"cat"},"cat":{"user":"","state":{"active":true,"ptt":false,"mode":"USB","vfo":"A","power":0,"width":3000,"freq":14074000,"widths":"1800,3000,3600"}}}
<event@crazy> send event ws.msg.cat: {"msg":{"ts":1789170111,"type":"cat"},"cat":{"user":"","state":{"active":true,"ptt":false,"mode":"USB","vfo":"A","width":3000,"power":0,"freq":14074000,"widths":"1800,3000,3600"}}}
<event@crazy> Firing event ws.msg.cat from cptr:<(nil)> with data:<0x55d1b1cf5690> user:(null)
<vfo@crazy> vfo_set_dict: VFO A
<vfo@crazy> vfo_parse_mode: USB
<event.match@crazy> Event ws.msg.cat from cptr:<(nil)> hit 1 times
<http@crazy> ws_handle_cli: msg={"msg":{"ts":1789170111,"type":"cat"},"cat":{"user":"","state":{"active":false,"ptt":false,"mode":"USB","vfo":"B","power":0,"width":3000,"freq":14074000,"widths":"1800,3000,3600"}}}
<event@crazy> send event ws.msg.cat: {"msg":{"ts":1789170111,"type":"cat"},"cat":{"user":"","state":{"active":false,"ptt":false,"mode":"USB","vfo":"B","width":3000,"power":0,"freq":14074000,"widths":"1800,3000,3600"}}}
<event@crazy> Firing event ws.msg.cat from cptr:<(nil)> with data:<0x55d1b1cf5690> user:(null)
<vfo@crazy> vfo_set_dict: VFO B
<vfo@crazy> vfo_parse_mode: USB
<event.match@crazy> Event ws.msg.cat from cptr:<(nil)> hit 1 times
<http@crazy> ws_handle_cli: msg={"msg":{"ts":1789170126,"type":"cat"},"cat":{"user":"","state":{"active":true,"ptt":false,"mode":"USB","vfo":"A","power":0,"width":3000,"freq":14074000,"widths":"1800,3000,3600"}}}
<event@crazy> send event ws.msg.cat: {"msg":{"ts":1789170126,"type":"cat"},"cat":{"user":"","state":{"active":true,"ptt":false,"mode":"USB","vfo":"A","width":3000,"power":0,"freq":14074000,"widths":"1800,3000,3600"}}}
<event@crazy> Firing event ws.msg.cat from cptr:<(nil)> with data:<0x55d1b1cf5690> user:(null)
<vfo@crazy> vfo_set_dict: VFO A
<vfo@crazy> vfo_parse_mode: USB
<event.match@crazy> Event ws.msg.cat from cptr:<(nil)> hit 1 times
<http@crazy> ws_handle_cli: msg={"msg":{"ts":1789170126,"type":"cat"},"cat":{"user":"","state":{"active":false,"ptt":false,"mode":"USB","vfo":"B","power":0,"width":3000,"freq":14074000,"widths":"1800,3000,3600"}}}
<event@crazy> send event ws.msg.cat: {"msg":{"ts":1789170126,"type":"cat"},"cat":{"user":"","state":{"active":false,"ptt":false,"mode":"USB","vfo":"B","width":3000,"power":0,"freq":14074000,"widths":"1800,3000,3600"}}}
<event@crazy> Firing event ws.msg.cat from cptr:<(nil)> with data:<0x55d1b1cf5690> user:(null)
<vfo@crazy> vfo_set_dict: VFO B
<vfo@crazy> vfo_parse_mode: USB
<event.match@crazy> Event ws.msg.cat from cptr:<(nil)> hit 1 times
<http@crazy> ws_handle_cli: msg={"msg":{"ts":1789170141,"type":"cat"},"cat":{"user":"","state":{"active":true,"ptt":false,"mode":"USB","vfo":"A","power":0,"width":3000,"freq":14074000,"widths":"1800,3000,3600"}}}
<event@crazy> send event ws.msg.cat: {"msg":{"ts":1789170141,"type":"cat"},"cat":{"user":"","state":{"active":true,"ptt":false,"mode":"USB","vfo":"A","width":3000,"power":0,"freq":14074000,"widths":"1800,3000,3600"}}}
<event@crazy> Firing event ws.msg.cat from cptr:<(nil)> with data:<0x55d1b1cf5690> user:(null)
<vfo@crazy> vfo_set_dict: VFO A
<vfo@crazy> vfo_parse_mode: USB
<event.match@crazy> Event ws.msg.cat from cptr:<(nil)> hit 1 times
<http@crazy> ws_handle_cli: msg={"msg":{"ts":1789170141,"type":"cat"},"cat":{"user":"","state":{"active":false,"ptt":false,"mode":"USB","vfo":"B","power":0,"width":3000,"freq":14074000,"widths":"1800,3000,3600"}}}
<event@crazy> send event ws.msg.cat: {"msg":{"ts":1789170141,"type":"cat"},"cat":{"user":"","state":{"active":false,"ptt":false,"mode":"USB","vfo":"B","width":3000,"power":0,"freq":14074000,"widths":"1800,3000,3600"}}}
<event@crazy> Firing event ws.msg.cat from cptr:<(nil)> with data:<0x55d1b1cf5690> user:(null)
<vfo@crazy> vfo_set_dict: VFO B
<vfo@crazy> vfo_parse_mode: USB
<event.match@crazy> Event ws.msg.cat from cptr:<(nil)> hit 1 times
<http@crazy> ws_handle_cli: msg={"msg":{"ts":1789170156,"type":"cat"},"cat":{"user":"","state":{"active":true,"ptt":false,"mode":"USB","vfo":"A","power":0,"width":3000,"freq":14074000,"widths":"1800,3000,3600"}}}
<event@crazy> send event ws.msg.cat: {"msg":{"ts":1789170156,"type":"cat"},"cat":{"user":"","state":{"active":true,"ptt":false,"mode":"USB","vfo":"A","width":3000,"power":0,"freq":14074000,"widths":"1800,3000,3600"}}}
<event@crazy> Firing event ws.msg.cat from cptr:<(nil)> with data:<0x55d1b1cf5690> user:(null)
<vfo@crazy> vfo_set_dict: VFO A
<vfo@crazy> vfo_parse_mode: USB
<event.match@crazy> Event ws.msg.cat from cptr:<(nil)> hit 1 times
<http@crazy> ws_handle_cli: msg={"msg":{"ts":1789170156,"type":"cat"},"cat":{"user":"","state":{"active":false,"ptt":false,"mode":"USB","vfo":"B","power":0,"width":3000,"freq":14074000,"widths":"1800,3000,3600"}}}
<event@crazy> send event ws.msg.cat: {"msg":{"ts":1789170156,"type":"cat"},"cat":{"user":"","state":{"active":false,"ptt":false,"mode":"USB","vfo":"B","width":3000,"power":0,"freq":14074000,"widths":"1800,3000,3600"}}}
<event@crazy> Firing event ws.msg.cat from cptr:<(nil)> with data:<0x55d1b1cf5690> user:(null)
<vfo@crazy> vfo_set_dict: VFO B
<vfo@crazy> vfo_parse_mode: USB
<event.match@crazy> Event ws.msg.cat from cptr:<(nil)> hit 1 times
<http@crazy> ws_handle_cli: msg={"ping":{"ts":81808404774},"msg":{"ts":1789170163,"type":"ping"}}
<event@crazy> send event ws.msg.ping: {"msg":{"ts":1789170163,"type":"ping"},"ping":{"ts":81808404774}}
<event@crazy> Firing event ws.msg.ping from cptr:<(nil)> with data:<0x55d1b1cf5690> user:(null)
<ws.ping@crazy> Server ping: {"msg":{"ts":1789170163,"type":"ping"},"ping":{"ts":81808404774}}
<event.match@crazy> Event ws.msg.ping from cptr:<(nil)> hit 1 times
<ws.proto@crazy> Sending dict <0x55d1b1cfaf40> to conn <0x55d1b1ce8ff0>: {"ping":{"ts":81808404774},"msg":{"ts":1789170163,"type":"pong"}}
<http@crazy> ws_handle_cli: msg={"msg":{"ts":1789170171,"type":"cat"},"cat":{"user":"","state":{"active":true,"ptt":false,"mode":"USB","vfo":"A","power":0,"width":3000,"freq":14074000,"widths":"1800,3000,3600"}}}
<event@crazy> send event ws.msg.cat: {"msg":{"ts":1789170171,"type":"cat"},"cat":{"user":"","state":{"active":true,"ptt":false,"mode":"USB","vfo":"A","width":3000,"power":0,"freq":14074000,"widths":"1800,3000,3600"}}}
<event@crazy> Firing event ws.msg.cat from cptr:<(nil)> with data:<0x55d1b1cf5690> user:(null)
<vfo@crazy> vfo_set_dict: VFO A
<vfo@crazy> vfo_parse_mode: USB
<event.match@crazy> Event ws.msg.cat from cptr:<(nil)> hit 1 times
<http@crazy> ws_handle_cli: msg={"msg":{"ts":1789170171,"type":"cat"},"cat":{"user":"","state":{"active":false,"ptt":false,"mode":"USB","vfo":"B","power":0,"width":3000,"freq":14074000,"widths":"1800,3000,3600"}}}
<event@crazy> send event ws.msg.cat: {"msg":{"ts":1789170171,"type":"cat"},"cat":{"user":"","state":{"active":false,"ptt":false,"mode":"USB","vfo":"B","width":3000,"power":0,"freq":14074000,"widths":"1800,3000,3600"}}}
<event@crazy> Firing event ws.msg.cat from cptr:<(nil)> with data:<0x55d1b1cf5690> user:(null)
<vfo@crazy> vfo_set_dict: VFO B
<vfo@crazy> vfo_parse_mode: USB
<event.match@crazy> Event ws.msg.cat from cptr:<(nil)> hit 1 times
<http@crazy> ws_handle_cli: msg={"msg":{"ts":1789170186,"type":"cat"},"cat":{"user":"","state":{"active":true,"ptt":false,"mode":"USB","vfo":"A","power":0,"width":3000,"freq":14074000,"widths":"1800,3000,3600"}}}
<event@crazy> send event ws.msg.cat: {"msg":{"ts":1789170186,"type":"cat"},"cat":{"user":"","state":{"active":true,"ptt":false,"mode":"USB","vfo":"A","width":3000,"power":0,"freq":14074000,"widths":"1800,3000,3600"}}}
<event@crazy> Firing event ws.msg.cat from cptr:<(nil)> with data:<0x55d1b1cf5690> user:(null)
<vfo@crazy> vfo_set_dict: VFO A
<vfo@crazy> vfo_parse_mode: USB
<event.match@crazy> Event ws.msg.cat from cptr:<(nil)> hit 1 times
<http@crazy> ws_handle_cli: msg={"msg":{"ts":1789170186,"type":"cat"},"cat":{"user":"","state":{"active":false,"ptt":false,"mode":"USB","vfo":"B","power":0,"width":3000,"freq":14074000,"widths":"1800,3000,3600"}}}
<event@crazy> send event ws.msg.cat: {"msg":{"ts":1789170186,"type":"cat"},"cat":{"user":"","state":{"active":false,"ptt":false,"mode":"USB","vfo":"B","width":3000,"power":0,"freq":14074000,"widths":"1800,3000,3600"}}}
<event@crazy> Firing event ws.msg.cat from cptr:<(nil)> with data:<0x55d1b1cf5690> user:(null)
<vfo@crazy> vfo_set_dict: VFO B
<vfo@crazy> vfo_parse_mode: USB
<event.match@crazy> Event ws.msg.cat from cptr:<(nil)> hit 1 times
<http@crazy> ws_handle_cli: msg={"msg":{"ts":1789170201,"type":"cat"},"cat":{"user":"","state":{"active":true,"ptt":false,"mode":"USB","vfo":"A","power":0,"width":3000,"freq":14074000,"widths":"1800,3000,3600"}}}
<event@crazy> send event ws.msg.cat: {"msg":{"ts":1789170201,"type":"cat"},"cat":{"user":"","state":{"active":true,"ptt":false,"mode":"USB","vfo":"A","width":3000,"power":0,"freq":14074000,"widths":"1800,3000,3600"}}}
<event@crazy> Firing event ws.msg.cat from cptr:<(nil)> with data:<0x55d1b1cf5690> user:(null)
<vfo@crazy> vfo_set_dict: VFO A
<vfo@crazy> vfo_parse_mode: USB
<event.match@crazy> Event ws.msg.cat from cptr:<(nil)> hit 1 times
<http@crazy> ws_handle_cli: msg={"msg":{"ts":1789170201,"type":"cat"},"cat":{"user":"","state":{"active":false,"ptt":false,"mode":"USB","vfo":"B","power":0,"width":3000,"freq":14074000,"widths":"1800,3000,3600"}}}
<event@crazy> send event ws.msg.cat: {"msg":{"ts":1789170201,"type":"cat"},"cat":{"user":"","state":{"active":false,"ptt":false,"mode":"USB","vfo":"B","width":3000,"power":0,"freq":14074000,"widths":"1800,3000,3600"}}}
<event@crazy> Firing event ws.msg.cat from cptr:<(nil)> with data:<0x55d1b1cf5690> user:(null)
<vfo@crazy> vfo_set_dict: VFO B
<vfo@crazy> vfo_parse_mode: USB
<event.match@crazy> Event ws.msg.cat from cptr:<(nil)> hit 1 times
<http@crazy> ws_handle_cli: msg={"msg":{"ts":1789170216,"type":"cat"},"cat":{"user":"","state":{"active":true,"ptt":false,"mode":"USB","vfo":"A","power":0,"width":3000,"freq":14074000,"widths":"1800,3000,3600"}}}
<event@crazy> send event ws.msg.cat: {"msg":{"ts":1789170216,"type":"cat"},"cat":{"user":"","state":{"active":true,"ptt":false,"mode":"USB","vfo":"A","width":3000,"power":0,"freq":14074000,"widths":"1800,3000,3600"}}}
<event@crazy> Firing event ws.msg.cat from cptr:<(nil)> with data:<0x55d1b1cf5690> user:(null)
<vfo@crazy> vfo_set_dict: VFO A
<vfo@crazy> vfo_parse_mode: USB
<event.match@crazy> Event ws.msg.cat from cptr:<(nil)> hit 1 times
<http@crazy> ws_handle_cli: msg={"msg":{"ts":1789170216,"type":"cat"},"cat":{"user":"","state":{"active":false,"ptt":false,"mode":"USB","vfo":"B","power":0,"width":3000,"freq":14074000,"widths":"1800,3000,3600"}}}
<event@crazy> send event ws.msg.cat: {"msg":{"ts":1789170216,"type":"cat"},"cat":{"user":"","state":{"active":false,"ptt":false,"mode":"USB","vfo":"B","width":3000,"power":0,"freq":14074000,"widths":"1800,3000,3600"}}}
<event@crazy> Firing event ws.msg.cat from cptr:<(nil)> with data:<0x55d1b1cf5690> user:(null)
<vfo@crazy> vfo_set_dict: VFO B
<vfo@crazy> vfo_parse_mode: USB
<event.match@crazy> Event ws.msg.cat from cptr:<(nil)> hit 1 times
<http@crazy> ws_handle_cli: msg={"ping":{"ts":81870584605},"msg":{"ts":1789170225,"type":"ping"}}
<event@crazy> send event ws.msg.ping: {"msg":{"ts":1789170225,"type":"ping"},"ping":{"ts":81870584605}}
<event@crazy> Firing event ws.msg.ping from cptr:<(nil)> with data:<0x55d1b1cf5690> user:(null)
<ws.ping@crazy> Server ping: {"msg":{"ts":1789170225,"type":"ping"},"ping":{"ts":81870584605}}
<event.match@crazy> Event ws.msg.ping from cptr:<(nil)> hit 1 times
<ws.proto@crazy> Sending dict <0x55d1b1cfada0> to conn <0x55d1b1ce8ff0>: {"ping":{"ts":81870584605},"msg":{"ts":1789170225,"type":"pong"}}
<http@crazy> ws_handle_cli: msg={"msg":{"ts":1789170231,"type":"cat"},"cat":{"user":"","state":{"active":true,"ptt":false,"mode":"USB","vfo":"A","power":0,"width":3000,"freq":14074000,"widths":"1800,3000,3600"}}}
<event@crazy> send event ws.msg.cat: {"msg":{"ts":1789170231,"type":"cat"},"cat":{"user":"","state":{"active":true,"ptt":false,"mode":"USB","vfo":"A","width":3000,"power":0,"freq":14074000,"widths":"1800,3000,3600"}}}
<event@crazy> Firing event ws.msg.cat from cptr:<(nil)> with data:<0x55d1b1cf5690> user:(null)
<vfo@crazy> vfo_set_dict: VFO A
<vfo@crazy> vfo_parse_mode: USB
<event.match@crazy> Event ws.msg.cat from cptr:<(nil)> hit 1 times
<http@crazy> ws_handle_cli: msg={"msg":{"ts":1789170231,"type":"cat"},"cat":{"user":"","state":{"active":false,"ptt":false,"mode":"USB","vfo":"B","power":0,"width":3000,"freq":14074000,"widths":"1800,3000,3600"}}}
<event@crazy> send event ws.msg.cat: {"msg":{"ts":1789170231,"type":"cat"},"cat":{"user":"","state":{"active":false,"ptt":false,"mode":"USB","vfo":"B","width":3000,"power":0,"freq":14074000,"widths":"1800,3000,3600"}}}
<event@crazy> Firing event ws.msg.cat from cptr:<(nil)> with data:<0x55d1b1cf5690> user:(null)
<vfo@crazy> vfo_set_dict: VFO B
<vfo@crazy> vfo_parse_mode: USB
<event.match@crazy> Event ws.msg.cat from cptr:<(nil)> hit 1 times
<http@crazy> ws_handle_cli: msg={"msg":{"ts":1789170246,"type":"cat"},"cat":{"user":"","state":{"active":true,"ptt":false,"mode":"USB","vfo":"A","power":0,"width":3000,"freq":14074000,"widths":"1800,3000,3600"}}}
<event@crazy> send event ws.msg.cat: {"msg":{"ts":1789170246,"type":"cat"},"cat":{"user":"","state":{"active":true,"ptt":false,"mode":"USB","vfo":"A","width":3000,"power":0,"freq":14074000,"widths":"1800,3000,3600"}}}
<event@crazy> Firing event ws.msg.cat from cptr:<(nil)> with data:<0x55d1b1cf5690> user:(null)
<vfo@crazy> vfo_set_dict: VFO A
<vfo@crazy> vfo_parse_mode: USB
<event.match@crazy> Event ws.msg.cat from cptr:<(nil)> hit 1 times
<http@crazy> ws_handle_cli: msg={"msg":{"ts":1789170246,"type":"cat"},"cat":{"user":"","state":{"active":false,"ptt":false,"mode":"USB","vfo":"B","power":0,"width":3000,"freq":14074000,"widths":"1800,3000,3600"}}}
<event@crazy> send event ws.msg.cat: {"msg":{"ts":1789170246,"type":"cat"},"cat":{"user":"","state":{"active":false,"ptt":false,"mode":"USB","vfo":"B","width":3000,"power":0,"freq":14074000,"widths":"1800,3000,3600"}}}
<event@crazy> Firing event ws.msg.cat from cptr:<(nil)> with data:<0x55d1b1cf5690> user:(null)
<vfo@crazy> vfo_set_dict: VFO B
<vfo@crazy> vfo_parse_mode: USB
<event.match@crazy> Event ws.msg.cat from cptr:<(nil)> hit 1 times
<http@crazy> ws_handle_cli: msg={"msg":{"ts":1789170261,"type":"cat"},"cat":{"user":"","state":{"active":true,"ptt":false,"mode":"USB","vfo":"A","power":0,"width":3000,"freq":14074000,"widths":"1800,3000,3600"}}}
<event@crazy> send event ws.msg.cat: {"msg":{"ts":1789170261,"type":"cat"},"cat":{"user":"","state":{"active":true,"ptt":false,"mode":"USB","vfo":"A","width":3000,"power":0,"freq":14074000,"widths":"1800,3000,3600"}}}
<event@crazy> Firing event ws.msg.cat from cptr:<(nil)> with data:<0x55d1b1cf5690> user:(null)
<vfo@crazy> vfo_set_dict: VFO A
<vfo@crazy> vfo_parse_mode: USB
<event.match@crazy> Event ws.msg.cat from cptr:<(nil)> hit 1 times
<http@crazy> ws_handle_cli: msg={"msg":{"ts":1789170261,"type":"cat"},"cat":{"user":"","state":{"active":false,"ptt":false,"mode":"USB","vfo":"B","power":0,"width":3000,"freq":14074000,"widths":"1800,3000,3600"}}}
<event@crazy> send event ws.msg.cat: {"msg":{"ts":1789170261,"type":"cat"},"cat":{"user":"","state":{"active":false,"ptt":false,"mode":"USB","vfo":"B","width":3000,"power":0,"freq":14074000,"widths":"1800,3000,3600"}}}
<event@crazy> Firing event ws.msg.cat from cptr:<(nil)> with data:<0x55d1b1cf5690> user:(null)
<vfo@crazy> vfo_set_dict: VFO B
<vfo@crazy> vfo_parse_mode: USB
<event.match@crazy> Event ws.msg.cat from cptr:<(nil)> hit 1 times
<http@crazy> ws_handle_cli: msg={"msg":{"ts":1789170276,"type":"cat"},"cat":{"user":"","state":{"active":true,"ptt":false,"mode":"USB","vfo":"A","power":0,"width":3000,"freq":14074000,"widths":"1800,3000,3600"}}}
<event@crazy> send event ws.msg.cat: {"msg":{"ts":1789170276,"type":"cat"},"cat":{"user":"","state":{"active":true,"ptt":false,"mode":"USB","vfo":"A","width":3000,"power":0,"freq":14074000,"widths":"1800,3000,3600"}}}
<event@crazy> Firing event ws.msg.cat from cptr:<(nil)> with data:<0x55d1b1cf5690> user:(null)
<vfo@crazy> vfo_set_dict: VFO A
<vfo@crazy> vfo_parse_mode: USB
<event.match@crazy> Event ws.msg.cat from cptr:<(nil)> hit 1 times
<http@crazy> ws_handle_cli: msg={"msg":{"ts":1789170276,"type":"cat"},"cat":{"user":"","state":{"active":false,"ptt":false,"mode":"USB","vfo":"B","power":0,"width":3000,"freq":14074000,"widths":"1800,3000,3600"}}}
<event@crazy> send event ws.msg.cat: {"msg":{"ts":1789170276,"type":"cat"},"cat":{"user":"","state":{"active":false,"ptt":false,"mode":"USB","vfo":"B","width":3000,"power":0,"freq":14074000,"widths":"1800,3000,3600"}}}
<event@crazy> Firing event ws.msg.cat from cptr:<(nil)> with data:<0x55d1b1cf5690> user:(null)
<vfo@crazy> vfo_set_dict: VFO B
<vfo@crazy> vfo_parse_mode: USB
<event.match@crazy> Event ws.msg.cat from cptr:<(nil)> hit 1 times
<http@crazy> ws_handle_cli: msg={"ping":{"ts":81932733999},"msg":{"ts":1789170287,"type":"ping"}}
<event@crazy> send event ws.msg.ping: {"msg":{"ts":1789170287,"type":"ping"},"ping":{"ts":81932733999}}
<event@crazy> Firing event ws.msg.ping from cptr:<(nil)> with data:<0x55d1b1cf5690> user:(null)
<ws.ping@crazy> Server ping: {"msg":{"ts":1789170287,"type":"ping"},"ping":{"ts":81932733999}}
<event.match@crazy> Event ws.msg.ping from cptr:<(nil)> hit 1 times
<ws.proto@crazy> Sending dict <0x55d1b1cfb300> to conn <0x55d1b1ce8ff0>: {"ping":{"ts":81932733999},"msg":{"ts":1789170287,"type":"pong"}}
<http@crazy> ws_handle_cli: msg={"msg":{"ts":1789170291,"type":"cat"},"cat":{"user":"","state":{"active":true,"ptt":false,"mode":"USB","vfo":"A","power":0,"width":3000,"freq":14074000,"widths":"1800,3000,3600"}}}
<event@crazy> send event ws.msg.cat: {"msg":{"ts":1789170291,"type":"cat"},"cat":{"user":"","state":{"active":true,"ptt":false,"mode":"USB","vfo":"A","width":3000,"power":0,"freq":14074000,"widths":"1800,3000,3600"}}}
<event@crazy> Firing event ws.msg.cat from cptr:<(nil)> with data:<0x55d1b1cf5690> user:(null)
<vfo@crazy> vfo_set_dict: VFO A
<vfo@crazy> vfo_parse_mode: USB
<event.match@crazy> Event ws.msg.cat from cptr:<(nil)> hit 1 times
<http@crazy> ws_handle_cli: msg={"msg":{"ts":1789170291,"type":"cat"},"cat":{"user":"","state":{"active":false,"ptt":false,"mode":"USB","vfo":"B","power":0,"width":3000,"freq":14074000,"widths":"1800,3000,3600"}}}
<event@crazy> send event ws.msg.cat: {"msg":{"ts":1789170291,"type":"cat"},"cat":{"user":"","state":{"active":false,"ptt":false,"mode":"USB","vfo":"B","width":3000,"power":0,"freq":14074000,"widths":"1800,3000,3600"}}}
<event@crazy> Firing event ws.msg.cat from cptr:<(nil)> with data:<0x55d1b1cf5690> user:(null)
<vfo@crazy> vfo_set_dict: VFO B
<vfo@crazy> vfo_parse_mode: USB
<event.match@crazy> Event ws.msg.cat from cptr:<(nil)> hit 1 times
<http@crazy> ws_handle_cli: msg={"msg":{"ts":1789170306,"type":"cat"},"cat":{"user":"","state":{"active":true,"ptt":false,"mode":"USB","vfo":"A","power":0,"width":3000,"freq":14074000,"widths":"1800,3000,3600"}}}
<event@crazy> send event ws.msg.cat: {"msg":{"ts":1789170306,"type":"cat"},"cat":{"user":"","state":{"active":true,"ptt":false,"mode":"USB","vfo":"A","width":3000,"power":0,"freq":14074000,"widths":"1800,3000,3600"}}}
<event@crazy> Firing event ws.msg.cat from cptr:<(nil)> with data:<0x55d1b1cf5690> user:(null)
<vfo@crazy> vfo_set_dict: VFO A
<vfo@crazy> vfo_parse_mode: USB
<event.match@crazy> Event ws.msg.cat from cptr:<(nil)> hit 1 times
<http@crazy> ws_handle_cli: msg={"msg":{"ts":1789170306,"type":"cat"},"cat":{"user":"","state":{"active":false,"ptt":false,"mode":"USB","vfo":"B","power":0,"width":3000,"freq":14074000,"widths":"1800,3000,3600"}}}
<event@crazy> send event ws.msg.cat: {"msg":{"ts":1789170306,"type":"cat"},"cat":{"user":"","state":{"active":false,"ptt":false,"mode":"USB","vfo":"B","width":3000,"power":0,"freq":14074000,"widths":"1800,3000,3600"}}}
<event@crazy> Firing event ws.msg.cat from cptr:<(nil)> with data:<0x55d1b1cf5690> user:(null)
<vfo@crazy> vfo_set_dict: VFO B
<vfo@crazy> vfo_parse_mode: USB
<event.match@crazy> Event ws.msg.cat from cptr:<(nil)> hit 1 times
<http@crazy> ws_handle_cli: msg={"msg":{"ts":1789170321,"type":"cat"},"cat":{"user":"","state":{"active":true,"ptt":false,"mode":"USB","vfo":"A","power":0,"width":3000,"freq":14074000,"widths":"1800,3000,3600"}}}
<event@crazy> send event ws.msg.cat: {"msg":{"ts":1789170321,"type":"cat"},"cat":{"user":"","state":{"active":true,"ptt":false,"mode":"USB","vfo":"A","width":3000,"power":0,"freq":14074000,"widths":"1800,3000,3600"}}}
<event@crazy> Firing event ws.msg.cat from cptr:<(nil)> with data:<0x55d1b1cf5690> user:(null)
<vfo@crazy> vfo_set_dict: VFO A
<vfo@crazy> vfo_parse_mode: USB
<event.match@crazy> Event ws.msg.cat from cptr:<(nil)> hit 1 times
<http@crazy> ws_handle_cli: msg={"msg":{"ts":1789170321,"type":"cat"},"cat":{"user":"","state":{"active":false,"ptt":false,"mode":"USB","vfo":"B","power":0,"width":3000,"freq":14074000,"widths":"1800,3000,3600"}}}
<event@crazy> send event ws.msg.cat: {"msg":{"ts":1789170321,"type":"cat"},"cat":{"user":"","state":{"active":false,"ptt":false,"mode":"USB","vfo":"B","width":3000,"power":0,"freq":14074000,"widths":"1800,3000,3600"}}}
<event@crazy> Firing event ws.msg.cat from cptr:<(nil)> with data:<0x55d1b1cf5690> user:(null)
<vfo@crazy> vfo_set_dict: VFO B
<vfo@crazy> vfo_parse_mode: USB
<event.match@crazy> Event ws.msg.cat from cptr:<(nil)> hit 1 times
<http@crazy> ws_handle_cli: msg={"msg":{"ts":1789170336,"type":"cat"},"cat":{"user":"","state":{"active":true,"ptt":false,"mode":"USB","vfo":"A","power":0,"width":3000,"freq":14074000,"widths":"1800,3000,3600"}}}
<event@crazy> send event ws.msg.cat: {"msg":{"ts":1789170336,"type":"cat"},"cat":{"user":"","state":{"active":true,"ptt":false,"mode":"USB","vfo":"A","width":3000,"power":0,"freq":14074000,"widths":"1800,3000,3600"}}}
<event@crazy> Firing event ws.msg.cat from cptr:<(nil)> with data:<0x55d1b1cf5690> user:(null)
<vfo@crazy> vfo_set_dict: VFO A
<vfo@crazy> vfo_parse_mode: USB
<event.match@crazy> Event ws.msg.cat from cptr:<(nil)> hit 1 times
<http@crazy> ws_handle_cli: msg={"msg":{"ts":1789170336,"type":"cat"},"cat":{"user":"","state":{"active":false,"ptt":false,"mode":"USB","vfo":"B","power":0,"width":3000,"freq":14074000,"widths":"1800,3000,3600"}}}
<event@crazy> send event ws.msg.cat: {"msg":{"ts":1789170336,"type":"cat"},"cat":{"user":"","state":{"active":false,"ptt":false,"mode":"USB","vfo":"B","width":3000,"power":0,"freq":14074000,"widths":"1800,3000,3600"}}}
<event@crazy> Firing event ws.msg.cat from cptr:<(nil)> with data:<0x55d1b1cf5690> user:(null)
<vfo@crazy> vfo_set_dict: VFO B
<vfo@crazy> vfo_parse_mode: USB
<event.match@crazy> Event ws.msg.cat from cptr:<(nil)> hit 1 times
<http@crazy> ws_handle_cli: msg={"ping":{"ts":81994892574},"msg":{"ts":1789170350,"type":"ping"}}
<event@crazy> send event ws.msg.ping: {"msg":{"ts":1789170350,"type":"ping"},"ping":{"ts":81994892574}}
<event@crazy> Firing event ws.msg.ping from cptr:<(nil)> with data:<0x55d1b1cf5690> user:(null)
<ws.ping@crazy> Server ping: {"msg":{"ts":1789170350,"type":"ping"},"ping":{"ts":81994892574}}
<event.match@crazy> Event ws.msg.ping from cptr:<(nil)> hit 1 times
<ws.proto@crazy> Sending dict <0x55d1b1cfb2c0> to conn <0x55d1b1ce8ff0>: {"ping":{"ts":81994892574},"msg":{"ts":1789170350,"type":"pong"}}
<http@crazy> ws_handle_cli: msg={"msg":{"ts":1789170351,"type":"cat"},"cat":{"user":"","state":{"active":true,"ptt":false,"mode":"USB","vfo":"A","power":0,"width":3000,"freq":14074000,"widths":"1800,3000,3600"}}}
<event@crazy> send event ws.msg.cat: {"msg":{"ts":1789170351,"type":"cat"},"cat":{"user":"","state":{"active":true,"ptt":false,"mode":"USB","vfo":"A","width":3000,"power":0,"freq":14074000,"widths":"1800,3000,3600"}}}
<event@crazy> Firing event ws.msg.cat from cptr:<(nil)> with data:<0x55d1b1cf5690> user:(null)
<vfo@crazy> vfo_set_dict: VFO A
<vfo@crazy> vfo_parse_mode: USB
<event.match@crazy> Event ws.msg.cat from cptr:<(nil)> hit 1 times
<http@crazy> ws_handle_cli: msg={"msg":{"ts":1789170351,"type":"cat"},"cat":{"user":"","state":{"active":false,"ptt":false,"mode":"USB","vfo":"B","power":0,"width":3000,"freq":14074000,"widths":"1800,3000,3600"}}}
<event@crazy> send event ws.msg.cat: {"msg":{"ts":1789170351,"type":"cat"},"cat":{"user":"","state":{"active":false,"ptt":false,"mode":"USB","vfo":"B","width":3000,"power":0,"freq":14074000,"widths":"1800,3000,3600"}}}
<event@crazy> Firing event ws.msg.cat from cptr:<(nil)> with data:<0x55d1b1cf5690> user:(null)
<vfo@crazy> vfo_set_dict: VFO B
<vfo@crazy> vfo_parse_mode: USB
<event.match@crazy> Event ws.msg.cat from cptr:<(nil)> hit 1 times
<http@crazy> ws_handle_cli: msg={"msg":{"ts":1789170366,"type":"cat"},"cat":{"user":"","state":{"active":true,"ptt":false,"mode":"USB","vfo":"A","power":0,"width":3000,"freq":14074000,"widths":"1800,3000,3600"}}}
<event@crazy> send event ws.msg.cat: {"msg":{"ts":1789170366,"type":"cat"},"cat":{"user":"","state":{"active":true,"ptt":false,"mode":"USB","vfo":"A","width":3000,"power":0,"freq":14074000,"widths":"1800,3000,3600"}}}
<event@crazy> Firing event ws.msg.cat from cptr:<(nil)> with data:<0x55d1b1cf5690> user:(null)
<vfo@crazy> vfo_set_dict: VFO A
<vfo@crazy> vfo_parse_mode: USB
<event.match@crazy> Event ws.msg.cat from cptr:<(nil)> hit 1 times
<http@crazy> ws_handle_cli: msg={"msg":{"ts":1789170366,"type":"cat"},"cat":{"user":"","state":{"active":false,"ptt":false,"mode":"USB","vfo":"B","power":0,"width":3000,"freq":14074000,"widths":"1800,3000,3600"}}}
<event@crazy> send event ws.msg.cat: {"msg":{"ts":1789170366,"type":"cat"},"cat":{"user":"","state":{"active":false,"ptt":false,"mode":"USB","vfo":"B","width":3000,"power":0,"freq":14074000,"widths":"1800,3000,3600"}}}
<event@crazy> Firing event ws.msg.cat from cptr:<(nil)> with data:<0x55d1b1cf5690> user:(null)
<vfo@crazy> vfo_set_dict: VFO B
<vfo@crazy> vfo_parse_mode: USB
<event.match@crazy> Event ws.msg.cat from cptr:<(nil)> hit 1 times
<http@crazy> ws_handle_cli: msg={"msg":{"ts":1789170381,"type":"cat"},"cat":{"user":"","state":{"active":true,"ptt":false,"mode":"USB","vfo":"A","power":0,"width":3000,"freq":14074000,"widths":"1800,3000,3600"}}}
<event@crazy> send event ws.msg.cat: {"msg":{"ts":1789170381,"type":"cat"},"cat":{"user":"","state":{"active":true,"ptt":false,"mode":"USB","vfo":"A","width":3000,"power":0,"freq":14074000,"widths":"1800,3000,3600"}}}
<event@crazy> Firing event ws.msg.cat from cptr:<(nil)> with data:<0x55d1b1cf5690> user:(null)
<vfo@crazy> vfo_set_dict: VFO A
<vfo@crazy> vfo_parse_mode: USB
<event.match@crazy> Event ws.msg.cat from cptr:<(nil)> hit 1 times
<http@crazy> ws_handle_cli: msg={"msg":{"ts":1789170381,"type":"cat"},"cat":{"user":"","state":{"active":false,"ptt":false,"mode":"USB","vfo":"B","power":0,"width":3000,"freq":14074000,"widths":"1800,3000,3600"}}}
<event@crazy> send event ws.msg.cat: {"msg":{"ts":1789170381,"type":"cat"},"cat":{"user":"","state":{"active":false,"ptt":false,"mode":"USB","vfo":"B","width":3000,"power":0,"freq":14074000,"widths":"1800,3000,3600"}}}
<event@crazy> Firing event ws.msg.cat from cptr:<(nil)> with data:<0x55d1b1cf5690> user:(null)
<vfo@crazy> vfo_set_dict: VFO B
<vfo@crazy> vfo_parse_mode: USB
<event.match@crazy> Event ws.msg.cat from cptr:<(nil)> hit 1 times
<http@crazy> ws_handle_cli: msg={"msg":{"ts":1789170396,"type":"cat"},"cat":{"user":"","state":{"active":true,"ptt":false,"mode":"USB","vfo":"A","power":0,"width":3000,"freq":14074000,"widths":"1800,3000,3600"}}}
<event@crazy> send event ws.msg.cat: {"msg":{"ts":1789170396,"type":"cat"},"cat":{"user":"","state":{"active":true,"ptt":false,"mode":"USB","vfo":"A","width":3000,"power":0,"freq":14074000,"widths":"1800,3000,3600"}}}
<event@crazy> Firing event ws.msg.cat from cptr:<(nil)> with data:<0x55d1b1cf5690> user:(null)
<vfo@crazy> vfo_set_dict: VFO A
<vfo@crazy> vfo_parse_mode: USB
<event.match@crazy> Event ws.msg.cat from cptr:<(nil)> hit 1 times
<http@crazy> ws_handle_cli: msg={"msg":{"ts":1789170396,"type":"cat"},"cat":{"user":"","state":{"active":false,"ptt":false,"mode":"USB","vfo":"B","power":0,"width":3000,"freq":14074000,"widths":"1800,3000,3600"}}}
<event@crazy> send event ws.msg.cat: {"msg":{"ts":1789170396,"type":"cat"},"cat":{"user":"","state":{"active":false,"ptt":false,"mode":"USB","vfo":"B","width":3000,"power":0,"freq":14074000,"widths":"1800,3000,3600"}}}
<event@crazy> Firing event ws.msg.cat from cptr:<(nil)> with data:<0x55d1b1cf5690> user:(null)
<vfo@crazy> vfo_set_dict: VFO B
<vfo@crazy> vfo_parse_mode: USB
<event.match@crazy> Event ws.msg.cat from cptr:<(nil)> hit 1 times
<http@crazy> ws_handle_cli: msg={"msg":{"ts":1789170410,"type":"talk"},"talk":{"muted":false,"tx":true,"cmd":"userinfo","user":"admin","privs":"admin,edit,view,radio,tx,elmer,syslog,chat","sessions":1}}
<event@crazy> send event ws.msg.talk: {"msg":{"ts":1789170410,"type":"talk"},"talk":{"muted":false,"tx":true,"cmd":"userinfo","user":"admin","privs":"admin,edit,view,radio,tx,elmer,syslog,chat","sessions":1}}
<event@crazy> Firing event ws.msg.talk from cptr:<(nil)> with data:<0x55d1b1cfac70> user:(null)
<ws.talk@crazy> ws.msg.talk: {"msg":{"ts":1789170410,"type":"talk"},"talk":{"muted":false,"tx":true,"cmd":"userinfo","user":"admin","privs":"admin,edit,view,radio,tx,elmer,syslog,chat","sessions":1}}
<event.match@crazy> Event ws.msg.talk from cptr:<(nil)> hit 1 times
<ws.talk@debug> UserInfo: admin has privs 'admin,edit,view,radio,tx,elmer,syslog,chat' (TX: false, Muted: false, sessions: 1)
<event@crazy> send event userinfo: {"msg":{"ts":1789170410,"type":"talk"},"talk":{"muted":false,"tx":true,"cmd":"userinfo","user":"admin","privs":"admin,edit,view,radio,tx,elmer,syslog,chat","sessions":1}}
<event@crazy> Firing event userinfo from cptr:<0x55d1b1ce8ff0> with data:<0x55d1b1cf5690> user:(null)
<userlist@info> Updating userlist entry for admin at <0x55d1b1cfaaf0>
<event.match@crazy> Event userinfo from cptr:<0x55d1b1ce8ff0> hit 1 times
<http@crazy> ws_handle_cli: msg={"msg":{"ts":1789170410,"type":"cat"},"cat":{"user":"admin","mode":"USB","vfo":"A","power":0,"width":3000,"ptt":true,"cmd":"ptt","freq":14074000}}
<event@crazy> send event ws.msg.cat: {"msg":{"ts":1789170410,"type":"cat"},"cat":{"cmd":"ptt","mode":"USB","vfo":"A","power":0,"width":3000,"ptt":true,"user":"admin","freq":14074000}}
<event@crazy> Firing event ws.msg.cat from cptr:<(nil)> with data:<0x55d1b1cf5690> user:(null)
<vfo@crazy> vfo_set_dict: VFO A
<event.match@crazy> Event ws.msg.cat from cptr:<(nil)> hit 1 times
<ws.cat@crazy> Got cat.cmd ptt from admin on vfo A
<ws.cat@info> admin started transmitting
<event@crazy> send event ptt.tx: {"tx":{"state":true,"user":"admin"}}
<event.nomatch@crazy> Event ptt.tx didn't match; firing NOMATCH
<event@crazy> Firing event ptt.tx from cptr:<(nil)> with data:<0x55d1b1cf5690> user:(null)
<ws.nomatch@crazy> Got NOMATCH hit with json: {"tx":{"state":true,"user":"admin"}}
<ws.nomatch@debug> Unhandled msg.type:|<NONE>|
<http@crazy> ws_handle_cli: msg={"msg":{"ts":1789170410,"type":"cat.state"},"cat":{"state":{"ptt":true,"mode":"USB","vfo":"A","width":3000,"freq":14074000}}}
<event@crazy> send event ws.msg.cat.state: {"msg":{"ts":1789170410,"type":"cat.state"},"cat":{"state":{"ptt":true,"mode":"USB","vfo":"A","width":3000,"freq":14074000}}}
<event@crazy> Firing event ws.msg.cat.state from cptr:<(nil)> with data:<0x55d1b1cf5690> user:(null)
<vfo@crazy> vfo_set_dict: VFO A
<vfo@crazy> vfo_parse_mode: USB
<event.match@crazy> Event ws.msg.cat.state from cptr:<(nil)> hit 1 times
<http.ws@crazy> ws_txtframe_dispatch: No matches for message: {"msg":{"ts":1789170410,"type":"cat.state"},"cat":{"state":{"ptt":true,"mode":"USB","vfo":"A","width":3000,"freq":14074000}}}
<http@crazy> ws_handle_cli: msg={"msg":{"ts":1789170410,"type":"cat"},"cat":{"user":"admin","state":{"active":true,"ptt":true,"mode":"USB","vfo":"A","power":0,"width":3000,"freq":14074000,"widths":"1800,3000,3600"}}}
<event@crazy> send event ws.msg.cat: {"msg":{"ts":1789170410,"type":"cat"},"cat":{"user":"admin","state":{"active":true,"ptt":true,"mode":"USB","vfo":"A","width":3000,"power":0,"freq":14074000,"widths":"1800,3000,3600"}}}
<event@crazy> Firing event ws.msg.cat from cptr:<(nil)> with data:<0x55d1b1cf5690> user:(null)
<vfo@crazy> vfo_set_dict: VFO A
<vfo@crazy> vfo_parse_mode: USB
<event.match@crazy> Event ws.msg.cat from cptr:<(nil)> hit 1 times
<ws.cat@debug> user:<0x55d1b1cfb4c0> = |admin|
<http@crazy> ws_handle_cli: msg={"msg":{"ts":1789170410,"type":"cat"},"cat":{"user":"admin","state":{"active":false,"ptt":false,"mode":"USB","vfo":"B","power":0,"width":3000,"freq":14074000,"widths":"1800,3000,3600"}}}
<event@crazy> send event ws.msg.cat: {"msg":{"ts":1789170410,"type":"cat"},"cat":{"user":"admin","state":{"active":false,"ptt":false,"mode":"USB","vfo":"B","width":3000,"power":0,"freq":14074000,"widths":"1800,3000,3600"}}}
<event@crazy> Firing event ws.msg.cat from cptr:<(nil)> with data:<0x55d1b1cf5690> user:(null)
<vfo@crazy> vfo_set_dict: VFO B
<vfo@crazy> vfo_parse_mode: USB
<event.match@crazy> Event ws.msg.cat from cptr:<(nil)> hit 1 times
<ws.cat@debug> user:<0x55d1b1cfac50> = |admin|
<http@crazy> ws_handle_cli: msg={"ping":{"ts":82056969977},"msg":{"ts":1789170412,"type":"ping"}}
<event@crazy> send event ws.msg.ping: {"msg":{"ts":1789170412,"type":"ping"},"ping":{"ts":82056969977}}
<event@crazy> Firing event ws.msg.ping from cptr:<(nil)> with data:<0x55d1b1cf5690> user:(null)
<ws.ping@crazy> Server ping: {"msg":{"ts":1789170412,"type":"ping"},"ping":{"ts":82056969977}}
<event.match@crazy> Event ws.msg.ping from cptr:<(nil)> hit 1 times
<ws.proto@crazy> Sending dict <0x55d1b1cf9db0> to conn <0x55d1b1ce8ff0>: {"ping":{"ts":82056969977},"msg":{"ts":1789170412,"type":"pong"}}
<http@crazy> ws_handle_cli: msg={"msg":{"ts":1789170425,"type":"cat"},"cat":{"user":"admin","state":{"active":true,"ptt":true,"mode":"USB","vfo":"A","power":0,"width":3000,"freq":14074000,"widths":"1800,3000,3600"}}}
<event@crazy> send event ws.msg.cat: {"msg":{"ts":1789170425,"type":"cat"},"cat":{"user":"admin","state":{"active":true,"ptt":true,"mode":"USB","vfo":"A","width":3000,"power":0,"freq":14074000,"widths":"1800,3000,3600"}}}
<event@crazy> Firing event ws.msg.cat from cptr:<(nil)> with data:<0x55d1b1cf5690> user:(null)
<vfo@crazy> vfo_set_dict: VFO A
<vfo@crazy> vfo_parse_mode: USB
<event.match@crazy> Event ws.msg.cat from cptr:<(nil)> hit 1 times
<ws.cat@debug> user:<0x55d1b1cfac50> = |admin|
<http@crazy> ws_handle_cli: msg={"msg":{"ts":1789170425,"type":"cat"},"cat":{"user":"admin","state":{"active":false,"ptt":false,"mode":"USB","vfo":"B","power":0,"width":3000,"freq":14074000,"widths":"1800,3000,3600"}}}
<event@crazy> send event ws.msg.cat: {"msg":{"ts":1789170425,"type":"cat"},"cat":{"user":"admin","state":{"active":false,"ptt":false,"mode":"USB","vfo":"B","width":3000,"power":0,"freq":14074000,"widths":"1800,3000,3600"}}}
<event@crazy> Firing event ws.msg.cat from cptr:<(nil)> with data:<0x55d1b1cf5690> user:(null)
<vfo@crazy> vfo_set_dict: VFO B
<vfo@crazy> vfo_parse_mode: USB
<event.match@crazy> Event ws.msg.cat from cptr:<(nil)> hit 1 times
<ws.cat@debug> user:<0x55d1b1cfb300> = |admin|
<http@crazy> ws_handle_cli: msg={"msg":{"ts":1789170440,"type":"cat"},"cat":{"user":"admin","state":{"active":true,"ptt":true,"mode":"USB","vfo":"A","power":0,"width":3000,"freq":14074000,"widths":"1800,3000,3600"}}}
<event@crazy> send event ws.msg.cat: {"msg":{"ts":1789170440,"type":"cat"},"cat":{"user":"admin","state":{"active":true,"ptt":true,"mode":"USB","vfo":"A","width":3000,"power":0,"freq":14074000,"widths":"1800,3000,3600"}}}
<event@crazy> Firing event ws.msg.cat from cptr:<(nil)> with data:<0x55d1b1cf5690> user:(null)
<vfo@crazy> vfo_set_dict: VFO A
<vfo@crazy> vfo_parse_mode: USB
<event.match@crazy> Event ws.msg.cat from cptr:<(nil)> hit 1 times
<ws.cat@debug> user:<0x55d1b1cf9f00> = |admin|
<http@crazy> ws_handle_cli: msg={"msg":{"ts":1789170440,"type":"cat"},"cat":{"user":"admin","state":{"active":false,"ptt":false,"mode":"USB","vfo":"B","power":0,"width":3000,"freq":14074000,"widths":"1800,3000,3600"}}}
<event@crazy> send event ws.msg.cat: {"msg":{"ts":1789170440,"type":"cat"},"cat":{"user":"admin","state":{"active":false,"ptt":false,"mode":"USB","vfo":"B","width":3000,"power":0,"freq":14074000,"widths":"1800,3000,3600"}}}
<event@crazy> Firing event ws.msg.cat from cptr:<(nil)> with data:<0x55d1b1cf5690> user:(null)
<vfo@crazy> vfo_set_dict: VFO B
<vfo@crazy> vfo_parse_mode: USB
<event.match@crazy> Event ws.msg.cat from cptr:<(nil)> hit 1 times
<ws.cat@debug> user:<0x55d1b1cf9a40> = |admin|
<http@crazy> ws_handle_cli: msg={"msg":{"ts":1789170455,"type":"cat"},"cat":{"user":"admin","state":{"active":true,"ptt":true,"mode":"USB","vfo":"A","power":0,"width":3000,"freq":14074000,"widths":"1800,3000,3600"}}}
<event@crazy> send event ws.msg.cat: {"msg":{"ts":1789170455,"type":"cat"},"cat":{"user":"admin","state":{"active":true,"ptt":true,"mode":"USB","vfo":"A","width":3000,"power":0,"freq":14074000,"widths":"1800,3000,3600"}}}
<event@crazy> Firing event ws.msg.cat from cptr:<(nil)> with data:<0x55d1b1cf5690> user:(null)
<vfo@crazy> vfo_set_dict: VFO A
<vfo@crazy> vfo_parse_mode: USB
<event.match@crazy> Event ws.msg.cat from cptr:<(nil)> hit 1 times
<ws.cat@debug> user:<0x55d1b1cd1250> = |admin|
<http@crazy> ws_handle_cli: msg={"msg":{"ts":1789170455,"type":"cat"},"cat":{"user":"admin","state":{"active":false,"ptt":false,"mode":"USB","vfo":"B","power":0,"width":3000,"freq":14074000,"widths":"1800,3000,3600"}}}
<event@crazy> send event ws.msg.cat: {"msg":{"ts":1789170455,"type":"cat"},"cat":{"user":"admin","state":{"active":false,"ptt":false,"mode":"USB","vfo":"B","width":3000,"power":0,"freq":14074000,"widths":"1800,3000,3600"}}}
<event@crazy> Firing event ws.msg.cat from cptr:<(nil)> with data:<0x55d1b1cf5690> user:(null)
<vfo@crazy> vfo_set_dict: VFO B
<vfo@crazy> vfo_parse_mode: USB
<event.match@crazy> Event ws.msg.cat from cptr:<(nil)> hit 1 times
<ws.cat@debug> user:<0x55d1b1cf9eb0> = |admin|
<http@crazy> ws_handle_cli: msg={"msg":{"ts":1789170470,"type":"cat"},"cat":{"user":"admin","state":{"active":true,"ptt":true,"mode":"USB","vfo":"A","power":0,"width":3000,"freq":14074000,"widths":"1800,3000,3600"}}}
<event@crazy> send event ws.msg.cat: {"msg":{"ts":1789170470,"type":"cat"},"cat":{"user":"admin","state":{"active":true,"ptt":true,"mode":"USB","vfo":"A","width":3000,"power":0,"freq":14074000,"widths":"1800,3000,3600"}}}
<event@crazy> Firing event ws.msg.cat from cptr:<(nil)> with data:<0x55d1b1cf5690> user:(null)
<vfo@crazy> vfo_set_dict: VFO A
<vfo@crazy> vfo_parse_mode: USB
<event.match@crazy> Event ws.msg.cat from cptr:<(nil)> hit 1 times
<ws.cat@debug> user:<0x55d1b1ce8eb0> = |admin|
<http@crazy> ws_handle_cli: msg={"msg":{"ts":1789170470,"type":"cat"},"cat":{"user":"admin","state":{"active":false,"ptt":false,"mode":"USB","vfo":"B","power":0,"width":3000,"freq":14074000,"widths":"1800,3000,3600"}}}
<event@crazy> send event ws.msg.cat: {"msg":{"ts":1789170470,"type":"cat"},"cat":{"user":"admin","state":{"active":false,"ptt":false,"mode":"USB","vfo":"B","width":3000,"power":0,"freq":14074000,"widths":"1800,3000,3600"}}}
<event@crazy> Firing event ws.msg.cat from cptr:<(nil)> with data:<0x55d1b1cf5690> user:(null)
<vfo@crazy> vfo_set_dict: VFO B
<vfo@crazy> vfo_parse_mode: USB
<event.match@crazy> Event ws.msg.cat from cptr:<(nil)> hit 1 times
<ws.cat@debug> user:<0x55d1b1cf9dd0> = |admin|
<http@crazy> ws_handle_cli: msg={"ping":{"ts":82119140963},"msg":{"ts":1789170474,"type":"ping"}}
<event@crazy> send event ws.msg.ping: {"msg":{"ts":1789170474,"type":"ping"},"ping":{"ts":82119140963}}
<event@crazy> Firing event ws.msg.ping from cptr:<(nil)> with data:<0x55d1b1cf5690> user:(null)
<ws.ping@crazy> Server ping: {"msg":{"ts":1789170474,"type":"ping"},"ping":{"ts":82119140963}}
<event.match@crazy> Event ws.msg.ping from cptr:<(nil)> hit 1 times
<ws.proto@crazy> Sending dict <0x55d1b1cfb2a0> to conn <0x55d1b1ce8ff0>: {"ping":{"ts":82119140963},"msg":{"ts":1789170474,"type":"pong"}}
<http@crazy> ws_handle_cli: msg={"msg":{"ts":1789170485,"type":"cat"},"cat":{"user":"admin","state":{"active":true,"ptt":true,"mode":"USB","vfo":"A","power":0,"width":3000,"freq":14074000,"widths":"1800,3000,3600"}}}
<event@crazy> send event ws.msg.cat: {"msg":{"ts":1789170485,"type":"cat"},"cat":{"user":"admin","state":{"active":true,"ptt":true,"mode":"USB","vfo":"A","width":3000,"power":0,"freq":14074000,"widths":"1800,3000,3600"}}}
<event@crazy> Firing event ws.msg.cat from cptr:<(nil)> with data:<0x55d1b1cf5690> user:(null)
<vfo@crazy> vfo_set_dict: VFO A
<vfo@crazy> vfo_parse_mode: USB
<event.match@crazy> Event ws.msg.cat from cptr:<(nil)> hit 1 times
<ws.cat@debug> user:<0x55d1b1cf9d90> = |admin|
<http@crazy> ws_handle_cli: msg={"msg":{"ts":1789170485,"type":"cat"},"cat":{"user":"admin","state":{"active":false,"ptt":false,"mode":"USB","vfo":"B","power":0,"width":3000,"freq":14074000,"widths":"1800,3000,3600"}}}
<event@crazy> send event ws.msg.cat: {"msg":{"ts":1789170485,"type":"cat"},"cat":{"user":"admin","state":{"active":false,"ptt":false,"mode":"USB","vfo":"B","width":3000,"power":0,"freq":14074000,"widths":"1800,3000,3600"}}}
<event@crazy> Firing event ws.msg.cat from cptr:<(nil)> with data:<0x55d1b1cf5690> user:(null)
<vfo@crazy> vfo_set_dict: VFO B
<vfo@crazy> vfo_parse_mode: USB
<event.match@crazy> Event ws.msg.cat from cptr:<(nil)> hit 1 times
<ws.cat@debug> user:<0x55d1b1cfb5a0> = |admin|
<http@crazy> ws_handle_cli: msg={"msg":{"ts":1789170500,"type":"cat"},"cat":{"user":"admin","state":{"active":true,"ptt":true,"mode":"USB","vfo":"A","power":0,"width":3000,"freq":14074000,"widths":"1800,3000,3600"}}}
<event@crazy> send event ws.msg.cat: {"msg":{"ts":1789170500,"type":"cat"},"cat":{"user":"admin","state":{"active":true,"ptt":true,"mode":"USB","vfo":"A","width":3000,"power":0,"freq":14074000,"widths":"1800,3000,3600"}}}
<event@crazy> Firing event ws.msg.cat from cptr:<(nil)> with data:<0x55d1b1cf5690> user:(null)
<vfo@crazy> vfo_set_dict: VFO A
<vfo@crazy> vfo_parse_mode: USB
<event.match@crazy> Event ws.msg.cat from cptr:<(nil)> hit 1 times
<ws.cat@debug> user:<0x55d1b1cfb540> = |admin|
<http@crazy> ws_handle_cli: msg={"msg":{"ts":1789170500,"type":"cat"},"cat":{"user":"admin","state":{"active":false,"ptt":false,"mode":"USB","vfo":"B","power":0,"width":3000,"freq":14074000,"widths":"1800,3000,3600"}}}
<event@crazy> send event ws.msg.cat: {"msg":{"ts":1789170500,"type":"cat"},"cat":{"user":"admin","state":{"active":false,"ptt":false,"mode":"USB","vfo":"B","width":3000,"power":0,"freq":14074000,"widths":"1800,3000,3600"}}}
<event@crazy> Firing event ws.msg.cat from cptr:<(nil)> with data:<0x55d1b1cf5690> user:(null)
<vfo@crazy> vfo_set_dict: VFO B
<vfo@crazy> vfo_parse_mode: USB
<event.match@crazy> Event ws.msg.cat from cptr:<(nil)> hit 1 times
<ws.cat@debug> user:<0x55d1b1cfa840> = |admin|
<http@crazy> ws_handle_cli: msg={"msg":{"ts":1789170515,"type":"cat"},"cat":{"user":"admin","state":{"active":true,"ptt":true,"mode":"USB","vfo":"A","power":0,"width":3000,"freq":14074000,"widths":"1800,3000,3600"}}}
<event@crazy> send event ws.msg.cat: {"msg":{"ts":1789170515,"type":"cat"},"cat":{"user":"admin","state":{"active":true,"ptt":true,"mode":"USB","vfo":"A","width":3000,"power":0,"freq":14074000,"widths":"1800,3000,3600"}}}
<event@crazy> Firing event ws.msg.cat from cptr:<(nil)> with data:<0x55d1b1cf5690> user:(null)
<vfo@crazy> vfo_set_dict: VFO A
<vfo@crazy> vfo_parse_mode: USB
<event.match@crazy> Event ws.msg.cat from cptr:<(nil)> hit 1 times
<ws.cat@debug> user:<0x55d1b1cfa930> = |admin|
<http@crazy> ws_handle_cli: msg={"msg":{"ts":1789170515,"type":"cat"},"cat":{"user":"admin","state":{"active":false,"ptt":false,"mode":"USB","vfo":"B","power":0,"width":3000,"freq":14074000,"widths":"1800,3000,3600"}}}
<event@crazy> send event ws.msg.cat: {"msg":{"ts":1789170515,"type":"cat"},"cat":{"user":"admin","state":{"active":false,"ptt":false,"mode":"USB","vfo":"B","width":3000,"power":0,"freq":14074000,"widths":"1800,3000,3600"}}}
<event@crazy> Firing event ws.msg.cat from cptr:<(nil)> with data:<0x55d1b1cf5690> user:(null)
<vfo@crazy> vfo_set_dict: VFO B
<vfo@crazy> vfo_parse_mode: USB
<event.match@crazy> Event ws.msg.cat from cptr:<(nil)> hit 1 times
<ws.cat@debug> user:<0x55d1b1cf9b20> = |admin|
<http@crazy> ws_handle_cli: msg={"msg":{"ts":1789170530,"type":"cat"},"cat":{"user":"admin","state":{"active":true,"ptt":true,"mode":"USB","vfo":"A","power":0,"width":3000,"freq":14074000,"widths":"1800,3000,3600"}}}
<event@crazy> send event ws.msg.cat: {"msg":{"ts":1789170530,"type":"cat"},"cat":{"user":"admin","state":{"active":true,"ptt":true,"mode":"USB","vfo":"A","width":3000,"power":0,"freq":14074000,"widths":"1800,3000,3600"}}}
<event@crazy> Firing event ws.msg.cat from cptr:<(nil)> with data:<0x55d1b1cf5690> user:(null)
<vfo@crazy> vfo_set_dict: VFO A
<vfo@crazy> vfo_parse_mode: USB
<event.match@crazy> Event ws.msg.cat from cptr:<(nil)> hit 1 times
<ws.cat@debug> user:<0x55d1b1cfaa60> = |admin|
<http@crazy> ws_handle_cli: msg={"msg":{"ts":1789170530,"type":"cat"},"cat":{"user":"admin","state":{"active":false,"ptt":false,"mode":"USB","vfo":"B","power":0,"width":3000,"freq":14074000,"widths":"1800,3000,3600"}}}
<event@crazy> send event ws.msg.cat: {"msg":{"ts":1789170530,"type":"cat"},"cat":{"user":"admin","state":{"active":false,"ptt":false,"mode":"USB","vfo":"B","width":3000,"power":0,"freq":14074000,"widths":"1800,3000,3600"}}}
<event@crazy> Firing event ws.msg.cat from cptr:<(nil)> with data:<0x55d1b1cf5690> user:(null)
<vfo@crazy> vfo_set_dict: VFO B
<vfo@crazy> vfo_parse_mode: USB
<event.match@crazy> Event ws.msg.cat from cptr:<(nil)> hit 1 times
<ws.cat@debug> user:<0x55d1b1cfb480> = |admin|
<http@crazy> ws_handle_cli: msg={"ping":{"ts":82181296992},"msg":{"ts":1789170536,"type":"ping"}}
<event@crazy> send event ws.msg.ping: {"msg":{"ts":1789170536,"type":"ping"},"ping":{"ts":82181296992}}
<event@crazy> Firing event ws.msg.ping from cptr:<(nil)> with data:<0x55d1b1cf5690> user:(null)
<ws.ping@crazy> Server ping: {"msg":{"ts":1789170536,"type":"ping"},"ping":{"ts":82181296992}}
<event.match@crazy> Event ws.msg.ping from cptr:<(nil)> hit 1 times
<ws.proto@crazy> Sending dict <0x55d1b1cf9a40> to conn <0x55d1b1ce8ff0>: {"ping":{"ts":82181296992},"msg":{"ts":1789170536,"type":"pong"}}
<http@crazy> ws_handle_cli: msg={"msg":{"ts":1789170545,"type":"cat"},"cat":{"user":"admin","state":{"active":true,"ptt":true,"mode":"USB","vfo":"A","power":0,"width":3000,"freq":14074000,"widths":"1800,3000,3600"}}}
<event@crazy> send event ws.msg.cat: {"msg":{"ts":1789170545,"type":"cat"},"cat":{"user":"admin","state":{"active":true,"ptt":true,"mode":"USB","vfo":"A","width":3000,"power":0,"freq":14074000,"widths":"1800,3000,3600"}}}
<event@crazy> Firing event ws.msg.cat from cptr:<(nil)> with data:<0x55d1b1cf5690> user:(null)
<vfo@crazy> vfo_set_dict: VFO A
<vfo@crazy> vfo_parse_mode: USB
<event.match@crazy> Event ws.msg.cat from cptr:<(nil)> hit 1 times
<ws.cat@debug> user:<0x55d1b1cf9d90> = |admin|
<http@crazy> ws_handle_cli: msg={"msg":{"ts":1789170545,"type":"cat"},"cat":{"user":"admin","state":{"active":false,"ptt":false,"mode":"USB","vfo":"B","power":0,"width":3000,"freq":14074000,"widths":"1800,3000,3600"}}}
<event@crazy> send event ws.msg.cat: {"msg":{"ts":1789170545,"type":"cat"},"cat":{"user":"admin","state":{"active":false,"ptt":false,"mode":"USB","vfo":"B","width":3000,"power":0,"freq":14074000,"widths":"1800,3000,3600"}}}
<event@crazy> Firing event ws.msg.cat from cptr:<(nil)> with data:<0x55d1b1cf5690> user:(null)
<vfo@crazy> vfo_set_dict: VFO B
<vfo@crazy> vfo_parse_mode: USB
<event.match@crazy> Event ws.msg.cat from cptr:<(nil)> hit 1 times
<ws.cat@debug> user:<0x55d1b1cf9a80> = |admin|
<http@crazy> ws_handle_cli: msg={"msg":{"ts":1789170560,"type":"cat"},"cat":{"user":"admin","state":{"active":true,"ptt":true,"mode":"USB","vfo":"A","power":0,"width":3000,"freq":14074000,"widths":"1800,3000,3600"}}}
<event@crazy> send event ws.msg.cat: {"msg":{"ts":1789170560,"type":"cat"},"cat":{"user":"admin","state":{"active":true,"ptt":true,"mode":"USB","vfo":"A","width":3000,"power":0,"freq":14074000,"widths":"1800,3000,3600"}}}
<event@crazy> Firing event ws.msg.cat from cptr:<(nil)> with data:<0x55d1b1cf5690> user:(null)
<vfo@crazy> vfo_set_dict: VFO A
<vfo@crazy> vfo_parse_mode: USB
<event.match@crazy> Event ws.msg.cat from cptr:<(nil)> hit 1 times
<ws.cat@debug> user:<0x55d1b1cfaa60> = |admin|
<http@crazy> ws_handle_cli: msg={"msg":{"ts":1789170560,"type":"cat"},"cat":{"user":"admin","state":{"active":false,"ptt":false,"mode":"USB","vfo":"B","power":0,"width":3000,"freq":14074000,"widths":"1800,3000,3600"}}}
<event@crazy> send event ws.msg.cat: {"msg":{"ts":1789170560,"type":"cat"},"cat":{"user":"admin","state":{"active":false,"ptt":false,"mode":"USB","vfo":"B","width":3000,"power":0,"freq":14074000,"widths":"1800,3000,3600"}}}
<event@crazy> Firing event ws.msg.cat from cptr:<(nil)> with data:<0x55d1b1cf5690> user:(null)
<vfo@crazy> vfo_set_dict: VFO B
<vfo@crazy> vfo_parse_mode: USB
<event.match@crazy> Event ws.msg.cat from cptr:<(nil)> hit 1 times
<ws.cat@debug> user:<0x55d1b1cfaf20> = |admin|
<http@crazy> ws_handle_cli: msg={"msg":{"ts":1789170575,"type":"cat"},"cat":{"user":"admin","state":{"active":true,"ptt":true,"mode":"USB","vfo":"A","power":0,"width":3000,"freq":14074000,"widths":"1800,3000,3600"}}}
<event@crazy> send event ws.msg.cat: {"msg":{"ts":1789170575,"type":"cat"},"cat":{"user":"admin","state":{"active":true,"ptt":true,"mode":"USB","vfo":"A","width":3000,"power":0,"freq":14074000,"widths":"1800,3000,3600"}}}
<event@crazy> Firing event ws.msg.cat from cptr:<(nil)> with data:<0x55d1b1cf5690> user:(null)
<vfo@crazy> vfo_set_dict: VFO A
<vfo@crazy> vfo_parse_mode: USB
<event.match@crazy> Event ws.msg.cat from cptr:<(nil)> hit 1 times
<ws.cat@debug> user:<0x55d1b1cfaa10> = |admin|
<http@crazy> ws_handle_cli: msg={"msg":{"ts":1789170575,"type":"cat"},"cat":{"user":"admin","state":{"active":false,"ptt":false,"mode":"USB","vfo":"B","power":0,"width":3000,"freq":14074000,"widths":"1800,3000,3600"}}}
<event@crazy> send event ws.msg.cat: {"msg":{"ts":1789170575,"type":"cat"},"cat":{"user":"admin","state":{"active":false,"ptt":false,"mode":"USB","vfo":"B","width":3000,"power":0,"freq":14074000,"widths":"1800,3000,3600"}}}
<event@crazy> Firing event ws.msg.cat from cptr:<(nil)> with data:<0x55d1b1cf5690> user:(null)
<vfo@crazy> vfo_set_dict: VFO B
<vfo@crazy> vfo_parse_mode: USB
<event.match@crazy> Event ws.msg.cat from cptr:<(nil)> hit 1 times
<ws.cat@debug> user:<0x55d1b1cfb5a0> = |admin|
<http@crazy> ws_handle_cli: msg={"msg":{"ts":1789170590,"type":"cat"},"cat":{"user":"admin","state":{"active":true,"ptt":true,"mode":"USB","vfo":"A","power":0,"width":3000,"freq":14074000,"widths":"1800,3000,3600"}}}
<event@crazy> send event ws.msg.cat: {"msg":{"ts":1789170590,"type":"cat"},"cat":{"user":"admin","state":{"active":true,"ptt":true,"mode":"USB","vfo":"A","width":3000,"power":0,"freq":14074000,"widths":"1800,3000,3600"}}}
<event@crazy> Firing event ws.msg.cat from cptr:<(nil)> with data:<0x55d1b1cf5690> user:(null)
<vfo@crazy> vfo_set_dict: VFO A
<vfo@crazy> vfo_parse_mode: USB
<event.match@crazy> Event ws.msg.cat from cptr:<(nil)> hit 1 times
<ws.cat@debug> user:<0x55d1b1cfb4e0> = |admin|
<http@crazy> ws_handle_cli: msg={"msg":{"ts":1789170590,"type":"cat"},"cat":{"user":"admin","state":{"active":false,"ptt":false,"mode":"USB","vfo":"B","power":0,"width":3000,"freq":14074000,"widths":"1800,3000,3600"}}}
<event@crazy> send event ws.msg.cat: {"msg":{"ts":1789170590,"type":"cat"},"cat":{"user":"admin","state":{"active":false,"ptt":false,"mode":"USB","vfo":"B","width":3000,"power":0,"freq":14074000,"widths":"1800,3000,3600"}}}
<event@crazy> Firing event ws.msg.cat from cptr:<(nil)> with data:<0x55d1b1cf5690> user:(null)
<vfo@crazy> vfo_set_dict: VFO B
<vfo@crazy> vfo_parse_mode: USB
<event.match@crazy> Event ws.msg.cat from cptr:<(nil)> hit 1 times
<ws.cat@debug> user:<0x55d1b1cfada0> = |admin|
<http@crazy> ws_handle_cli: msg={"ping":{"ts":82243455835},"msg":{"ts":1789170598,"type":"ping"}}
<event@crazy> send event ws.msg.ping: {"msg":{"ts":1789170598,"type":"ping"},"ping":{"ts":82243455835}}
<event@crazy> Firing event ws.msg.ping from cptr:<(nil)> with data:<0x55d1b1cf5690> user:(null)
<ws.ping@crazy> Server ping: {"msg":{"ts":1789170598,"type":"ping"},"ping":{"ts":82243455835}}
<event.match@crazy> Event ws.msg.ping from cptr:<(nil)> hit 1 times
<ws.proto@crazy> Sending dict <0x55d1b1cfadc0> to conn <0x55d1b1ce8ff0>: {"ping":{"ts":82243455835},"msg":{"ts":1789170598,"type":"pong"}}
<http@crazy> ws_handle_cli: msg={"msg":{"ts":1789170605,"type":"cat"},"cat":{"user":"admin","state":{"active":true,"ptt":true,"mode":"USB","vfo":"A","power":0,"width":3000,"freq":14074000,"widths":"1800,3000,3600"}}}
<event@crazy> send event ws.msg.cat: {"msg":{"ts":1789170605,"type":"cat"},"cat":{"user":"admin","state":{"active":true,"ptt":true,"mode":"USB","vfo":"A","width":3000,"power":0,"freq":14074000,"widths":"1800,3000,3600"}}}
<event@crazy> Firing event ws.msg.cat from cptr:<(nil)> with data:<0x55d1b1cf5690> user:(null)
<vfo@crazy> vfo_set_dict: VFO A
<vfo@crazy> vfo_parse_mode: USB
<event.match@crazy> Event ws.msg.cat from cptr:<(nil)> hit 1 times
<ws.cat@debug> user:<0x55d1b1cfada0> = |admin|
<http@crazy> ws_handle_cli: msg={"msg":{"ts":1789170605,"type":"cat"},"cat":{"user":"admin","state":{"active":false,"ptt":false,"mode":"USB","vfo":"B","power":0,"width":3000,"freq":14074000,"widths":"1800,3000,3600"}}}
<event@crazy> send event ws.msg.cat: {"msg":{"ts":1789170605,"type":"cat"},"cat":{"user":"admin","state":{"active":false,"ptt":false,"mode":"USB","vfo":"B","width":3000,"power":0,"freq":14074000,"widths":"1800,3000,3600"}}}
<event@crazy> Firing event ws.msg.cat from cptr:<(nil)> with data:<0x55d1b1cf5690> user:(null)
<vfo@crazy> vfo_set_dict: VFO B
<vfo@crazy> vfo_parse_mode: USB
<event.match@crazy> Event ws.msg.cat from cptr:<(nil)> hit 1 times
<ws.cat@debug> user:<0x55d1b1cfa8c0> = |admin|
<http@crazy> ws_handle_cli: msg={"msg":{"ts":1789170620,"type":"cat"},"cat":{"user":"admin","state":{"active":true,"ptt":true,"mode":"USB","vfo":"A","power":0,"width":3000,"freq":14074000,"widths":"1800,3000,3600"}}}
<event@crazy> send event ws.msg.cat: {"msg":{"ts":1789170620,"type":"cat"},"cat":{"user":"admin","state":{"active":true,"ptt":true,"mode":"USB","vfo":"A","width":3000,"power":0,"freq":14074000,"widths":"1800,3000,3600"}}}
<event@crazy> Firing event ws.msg.cat from cptr:<(nil)> with data:<0x55d1b1cf5690> user:(null)
<vfo@crazy> vfo_set_dict: VFO A
<vfo@crazy> vfo_parse_mode: USB
<event.match@crazy> Event ws.msg.cat from cptr:<(nil)> hit 1 times
<ws.cat@debug> user:<0x55d1b1cfaf20> = |admin|
<http@crazy> ws_handle_cli: msg={"msg":{"ts":1789170620,"type":"cat"},"cat":{"user":"admin","state":{"active":false,"ptt":false,"mode":"USB","vfo":"B","power":0,"width":3000,"freq":14074000,"widths":"1800,3000,3600"}}}
<event@crazy> send event ws.msg.cat: {"msg":{"ts":1789170620,"type":"cat"},"cat":{"user":"admin","state":{"active":false,"ptt":false,"mode":"USB","vfo":"B","width":3000,"power":0,"freq":14074000,"widths":"1800,3000,3600"}}}
<event@crazy> Firing event ws.msg.cat from cptr:<(nil)> with data:<0x55d1b1cf5690> user:(null)
<vfo@crazy> vfo_set_dict: VFO B
<vfo@crazy> vfo_parse_mode: USB
<event.match@crazy> Event ws.msg.cat from cptr:<(nil)> hit 1 times
<ws.cat@debug> user:<0x55d1b1cfaab0> = |admin|
<http@crazy> ws_handle_cli: msg={"msg":{"ts":1789170635,"type":"cat"},"cat":{"user":"admin","state":{"active":true,"ptt":true,"mode":"USB","vfo":"A","power":0,"width":3000,"freq":14074000,"widths":"1800,3000,3600"}}}
<event@crazy> send event ws.msg.cat: {"msg":{"ts":1789170635,"type":"cat"},"cat":{"user":"admin","state":{"active":true,"ptt":true,"mode":"USB","vfo":"A","width":3000,"power":0,"freq":14074000,"widths":"1800,3000,3600"}}}
<event@crazy> Firing event ws.msg.cat from cptr:<(nil)> with data:<0x55d1b1cf5690> user:(null)
<vfo@crazy> vfo_set_dict: VFO A
<vfo@crazy> vfo_parse_mode: USB
<event.match@crazy> Event ws.msg.cat from cptr:<(nil)> hit 1 times
<ws.cat@debug> user:<0x55d1b1cf9a20> = |admin|
<http@crazy> ws_handle_cli: msg={"msg":{"ts":1789170635,"type":"cat"},"cat":{"user":"admin","state":{"active":false,"ptt":false,"mode":"USB","vfo":"B","power":0,"width":3000,"freq":14074000,"widths":"1800,3000,3600"}}}
<event@crazy> send event ws.msg.cat: {"msg":{"ts":1789170635,"type":"cat"},"cat":{"user":"admin","state":{"active":false,"ptt":false,"mode":"USB","vfo":"B","width":3000,"power":0,"freq":14074000,"widths":"1800,3000,3600"}}}
<event@crazy> Firing event ws.msg.cat from cptr:<(nil)> with data:<0x55d1b1cf5690> user:(null)
<vfo@crazy> vfo_set_dict: VFO B
<vfo@crazy> vfo_parse_mode: USB
<event.match@crazy> Event ws.msg.cat from cptr:<(nil)> hit 1 times
<ws.cat@debug> user:<0x55d1b1cfae20> = |admin|
<http@crazy> ws_handle_cli: msg={"msg":{"ts":1789170650,"type":"cat"},"cat":{"user":"admin","state":{"active":true,"ptt":true,"mode":"USB","vfo":"A","power":0,"width":3000,"freq":14074000,"widths":"1800,3000,3600"}}}
<event@crazy> send event ws.msg.cat: {"msg":{"ts":1789170650,"type":"cat"},"cat":{"user":"admin","state":{"active":true,"ptt":true,"mode":"USB","vfo":"A","width":3000,"power":0,"freq":14074000,"widths":"1800,3000,3600"}}}
<event@crazy> Firing event ws.msg.cat from cptr:<(nil)> with data:<0x55d1b1cf5690> user:(null)
<vfo@crazy> vfo_set_dict: VFO A
<vfo@crazy> vfo_parse_mode: USB
<event.match@crazy> Event ws.msg.cat from cptr:<(nil)> hit 1 times
<ws.cat@debug> user:<0x55d1b1cfae80> = |admin|
<http@crazy> ws_handle_cli: msg={"msg":{"ts":1789170650,"type":"cat"},"cat":{"user":"admin","state":{"active":false,"ptt":false,"mode":"USB","vfo":"B","power":0,"width":3000,"freq":14074000,"widths":"1800,3000,3600"}}}
<event@crazy> send event ws.msg.cat: {"msg":{"ts":1789170650,"type":"cat"},"cat":{"user":"admin","state":{"active":false,"ptt":false,"mode":"USB","vfo":"B","width":3000,"power":0,"freq":14074000,"widths":"1800,3000,3600"}}}
<event@crazy> Firing event ws.msg.cat from cptr:<(nil)> with data:<0x55d1b1cf5690> user:(null)
<vfo@crazy> vfo_set_dict: VFO B
<vfo@crazy> vfo_parse_mode: USB
<event.match@crazy> Event ws.msg.cat from cptr:<(nil)> hit 1 times
<ws.cat@debug> user:<0x55d1b1cfa930> = |admin|
<http@crazy> ws_handle_cli: msg={"ping":{"ts":82305666725},"msg":{"ts":1789170660,"type":"ping"}}
<event@crazy> send event ws.msg.ping: {"msg":{"ts":1789170660,"type":"ping"},"ping":{"ts":82305666725}}
<event@crazy> Firing event ws.msg.ping from cptr:<(nil)> with data:<0x55d1b1cf5690> user:(null)
<ws.ping@crazy> Server ping: {"msg":{"ts":1789170660,"type":"ping"},"ping":{"ts":82305666725}}
<event.match@crazy> Event ws.msg.ping from cptr:<(nil)> hit 1 times
<ws.proto@crazy> Sending dict <0x55d1b1ce8eb0> to conn <0x55d1b1ce8ff0>: {"ping":{"ts":82305666725},"msg":{"ts":1789170660,"type":"pong"}}
<http@crazy> ws_handle_cli: msg={"msg":{"ts":1789170665,"type":"cat"},"cat":{"user":"admin","state":{"active":true,"ptt":true,"mode":"USB","vfo":"A","power":0,"width":3000,"freq":14074000,"widths":"1800,3000,3600"}}}
<event@crazy> send event ws.msg.cat: {"msg":{"ts":1789170665,"type":"cat"},"cat":{"user":"admin","state":{"active":true,"ptt":true,"mode":"USB","vfo":"A","width":3000,"power":0,"freq":14074000,"widths":"1800,3000,3600"}}}
<event@crazy> Firing event ws.msg.cat from cptr:<(nil)> with data:<0x55d1b1cf5690> user:(null)
<vfo@crazy> vfo_set_dict: VFO A
<vfo@crazy> vfo_parse_mode: USB
<event.match@crazy> Event ws.msg.cat from cptr:<(nil)> hit 1 times
<ws.cat@debug> user:<0x55d1b1cfa980> = |admin|
<http@crazy> ws_handle_cli: msg={"msg":{"ts":1789170665,"type":"cat"},"cat":{"user":"admin","state":{"active":false,"ptt":false,"mode":"USB","vfo":"B","power":0,"width":3000,"freq":14074000,"widths":"1800,3000,3600"}}}
<event@crazy> send event ws.msg.cat: {"msg":{"ts":1789170665,"type":"cat"},"cat":{"user":"admin","state":{"active":false,"ptt":false,"mode":"USB","vfo":"B","width":3000,"power":0,"freq":14074000,"widths":"1800,3000,3600"}}}
<event@crazy> Firing event ws.msg.cat from cptr:<(nil)> with data:<0x55d1b1cf5690> user:(null)
<vfo@crazy> vfo_set_dict: VFO B
<vfo@crazy> vfo_parse_mode: USB
<event.match@crazy> Event ws.msg.cat from cptr:<(nil)> hit 1 times
<ws.cat@debug> user:<0x55d1b1cfb560> = |admin|
<http@crazy> ws_handle_cli: msg={"msg":{"ts":1789170680,"type":"cat"},"cat":{"user":"admin","state":{"active":true,"ptt":true,"mode":"USB","vfo":"A","power":0,"width":3000,"freq":14074000,"widths":"1800,3000,3600"}}}
<event@crazy> send event ws.msg.cat: {"msg":{"ts":1789170680,"type":"cat"},"cat":{"user":"admin","state":{"active":true,"ptt":true,"mode":"USB","vfo":"A","width":3000,"power":0,"freq":14074000,"widths":"1800,3000,3600"}}}
<event@crazy> Firing event ws.msg.cat from cptr:<(nil)> with data:<0x55d1b1cf5690> user:(null)
<vfo@crazy> vfo_set_dict: VFO A
<vfo@crazy> vfo_parse_mode: USB
<event.match@crazy> Event ws.msg.cat from cptr:<(nil)> hit 1 times
<ws.cat@debug> user:<0x55d1b1ce8e90> = |admin|
<http@crazy> ws_handle_cli: msg={"msg":{"ts":1789170680,"type":"cat"},"cat":{"user":"admin","state":{"active":false,"ptt":false,"mode":"USB","vfo":"B","power":0,"width":3000,"freq":14074000,"widths":"1800,3000,3600"}}}
<event@crazy> send event ws.msg.cat: {"msg":{"ts":1789170680,"type":"cat"},"cat":{"user":"admin","state":{"active":false,"ptt":false,"mode":"USB","vfo":"B","width":3000,"power":0,"freq":14074000,"widths":"1800,3000,3600"}}}
<event@crazy> Firing event ws.msg.cat from cptr:<(nil)> with data:<0x55d1b1cf5690> user:(null)
<vfo@crazy> vfo_set_dict: VFO B
<vfo@crazy> vfo_parse_mode: USB
<event.match@crazy> Event ws.msg.cat from cptr:<(nil)> hit 1 times
<ws.cat@debug> user:<0x55d1b1cf9db0> = |admin|
<http@crazy> ws_handle_cli: msg={"msg":{"ts":1789170695,"type":"cat"},"cat":{"user":"admin","state":{"active":true,"ptt":true,"mode":"USB","vfo":"A","power":0,"width":3000,"freq":14074000,"widths":"1800,3000,3600"}}}
<event@crazy> send event ws.msg.cat: {"msg":{"ts":1789170695,"type":"cat"},"cat":{"user":"admin","state":{"active":true,"ptt":true,"mode":"USB","vfo":"A","width":3000,"power":0,"freq":14074000,"widths":"1800,3000,3600"}}}
<event@crazy> Firing event ws.msg.cat from cptr:<(nil)> with data:<0x55d1b1cf5690> user:(null)
<vfo@crazy> vfo_set_dict: VFO A
<vfo@crazy> vfo_parse_mode: USB
<event.match@crazy> Event ws.msg.cat from cptr:<(nil)> hit 1 times
<ws.cat@debug> user:<0x55d1b1cfadc0> = |admin|
<http@crazy> ws_handle_cli: msg={"msg":{"ts":1789170695,"type":"cat"},"cat":{"user":"admin","state":{"active":false,"ptt":false,"mode":"USB","vfo":"B","power":0,"width":3000,"freq":14074000,"widths":"1800,3000,3600"}}}
<event@crazy> send event ws.msg.cat: {"msg":{"ts":1789170695,"type":"cat"},"cat":{"user":"admin","state":{"active":false,"ptt":false,"mode":"USB","vfo":"B","width":3000,"power":0,"freq":14074000,"widths":"1800,3000,3600"}}}
<event@crazy> Firing event ws.msg.cat from cptr:<(nil)> with data:<0x55d1b1cf5690> user:(null)
<vfo@crazy> vfo_set_dict: VFO B
<vfo@crazy> vfo_parse_mode: USB
<event.match@crazy> Event ws.msg.cat from cptr:<(nil)> hit 1 times
<ws.cat@debug> user:<0x55d1b1cfa7e0> = |admin|
<http@crazy> ws_handle_cli: msg={"msg":{"ts":1789170710,"type":"cat.state"},"cat":{"state":{"ptt":false,"mode":"USB","vfo":"A","width":3000,"freq":14074000}}}
<event@crazy> send event ws.msg.cat.state: {"msg":{"ts":1789170710,"type":"cat.state"},"cat":{"state":{"ptt":false,"mode":"USB","vfo":"A","width":3000,"freq":14074000}}}
<event@crazy> Firing event ws.msg.cat.state from cptr:<(nil)> with data:<0x55d1b1cf5690> user:(null)
<vfo@crazy> vfo_set_dict: VFO A
<vfo@crazy> vfo_parse_mode: USB
<event.match@crazy> Event ws.msg.cat.state from cptr:<(nil)> hit 1 times
<http.ws@crazy> ws_txtframe_dispatch: No matches for message: {"msg":{"ts":1789170710,"type":"cat.state"},"cat":{"state":{"ptt":false,"mode":"USB","vfo":"A","width":3000,"freq":14074000}}}
<http@crazy> ws_handle_cli: msg={"msg":{"ts":1789170710,"type":"cat.state"},"cat":{"state":{"ptt":false,"mode":"USB","vfo":"B","width":3000,"freq":14074000}}}
<event@crazy> send event ws.msg.cat.state: {"msg":{"ts":1789170710,"type":"cat.state"},"cat":{"state":{"ptt":false,"mode":"USB","vfo":"B","width":3000,"freq":14074000}}}
<event@crazy> Firing event ws.msg.cat.state from cptr:<(nil)> with data:<0x55d1b1cf5690> user:(null)
<vfo@crazy> vfo_set_dict: VFO B
<vfo@crazy> vfo_parse_mode: USB
<event.match@crazy> Event ws.msg.cat.state from cptr:<(nil)> hit 1 times
<http.ws@crazy> ws_txtframe_dispatch: No matches for message: {"msg":{"ts":1789170710,"type":"cat.state"},"cat":{"state":{"ptt":false,"mode":"USB","vfo":"B","width":3000,"freq":14074000}}}
<http@crazy> ws_handle_cli: msg={"msg":{"ts":1789170710,"type":"cat.state"},"cat":{"state":{"ptt":false,"mode":"USB","vfo":"C","width":0,"freq":0}}}
<event@crazy> send event ws.msg.cat.state: {"msg":{"ts":1789170710,"type":"cat.state"},"cat":{"state":{"ptt":false,"mode":"USB","vfo":"C","width":0,"freq":0}}}
<event@crazy> Firing event ws.msg.cat.state from cptr:<(nil)> with data:<0x55d1b1cf5690> user:(null)
<vfo@crazy> vfo_set_dict: VFO C
<vfo@crazy> vfo_parse_mode: USB
<event.match@crazy> Event ws.msg.cat.state from cptr:<(nil)> hit 1 times
<http.ws@crazy> ws_txtframe_dispatch: No matches for message: {"msg":{"ts":1789170710,"type":"cat.state"},"cat":{"state":{"ptt":false,"mode":"USB","vfo":"C","width":0,"freq":0}}}
<http@crazy> ws_handle_cli: msg={"msg":{"ts":1789170710,"type":"cat.state"},"cat":{"state":{"ptt":false,"mode":"USB","vfo":"D","width":0,"freq":0}}}
<event@crazy> send event ws.msg.cat.state: {"msg":{"ts":1789170710,"type":"cat.state"},"cat":{"state":{"ptt":false,"mode":"USB","vfo":"D","width":0,"freq":0}}}
<event@crazy> Firing event ws.msg.cat.state from cptr:<(nil)> with data:<0x55d1b1cf5690> user:(null)
<vfo@crazy> vfo_set_dict: VFO D
<vfo@crazy> vfo_parse_mode: USB
<event.match@crazy> Event ws.msg.cat.state from cptr:<(nil)> hit 1 times
<http.ws@crazy> ws_txtframe_dispatch: No matches for message: {"msg":{"ts":1789170710,"type":"cat.state"},"cat":{"state":{"ptt":false,"mode":"USB","vfo":"D","width":0,"freq":0}}}
<http@crazy> ws_handle_cli: msg={"msg":{"ts":1789170710,"type":"cat.state"},"cat":{"state":{"ptt":false,"mode":"USB","vfo":"E","width":0,"freq":0}}}
<event@crazy> send event ws.msg.cat.state: {"msg":{"ts":1789170710,"type":"cat.state"},"cat":{"state":{"ptt":false,"mode":"USB","vfo":"E","width":0,"freq":0}}}
<event@crazy> Firing event ws.msg.cat.state from cptr:<(nil)> with data:<0x55d1b1cf5690> user:(null)
<vfo@crazy> vfo_set_dict: VFO E
<vfo@crazy> vfo_parse_mode: USB
<event.match@crazy> Event ws.msg.cat.state from cptr:<(nil)> hit 1 times
<http.ws@crazy> ws_txtframe_dispatch: No matches for message: {"msg":{"ts":1789170710,"type":"cat.state"},"cat":{"state":{"ptt":false,"mode":"USB","vfo":"E","width":0,"freq":0}}}
<http@crazy> ws_handle_cli: msg={"msg":{"ts":1789170710,"type":"cat.state"},"cat":{"state":{"ptt":false,"mode":"USB","vfo":"F","width":0,"freq":0}}}
<event@crazy> send event ws.msg.cat.state: {"msg":{"ts":1789170710,"type":"cat.state"},"cat":{"state":{"ptt":false,"mode":"USB","vfo":"F","width":0,"freq":0}}}
<event@crazy> Firing event ws.msg.cat.state from cptr:<(nil)> with data:<0x55d1b1cf5690> user:(null)
<vfo@crazy> vfo_set_dict: VFO F
<vfo@crazy> vfo_parse_mode: USB
<event.match@crazy> Event ws.msg.cat.state from cptr:<(nil)> hit 1 times
<http.ws@crazy> ws_txtframe_dispatch: No matches for message: {"msg":{"ts":1789170710,"type":"cat.state"},"cat":{"state":{"ptt":false,"mode":"USB","vfo":"F","width":0,"freq":0}}}
<http@crazy> ws_handle_cli: msg={"msg":{"ts":1789170710,"type":"cat.state"},"cat":{"state":{"ptt":false,"mode":"USB","vfo":"G","width":0,"freq":0}}}
<event@crazy> send event ws.msg.cat.state: {"msg":{"ts":1789170710,"type":"cat.state"},"cat":{"state":{"ptt":false,"mode":"USB","vfo":"G","width":0,"freq":0}}}
<event@crazy> Firing event ws.msg.cat.state from cptr:<(nil)> with data:<0x55d1b1cf5690> user:(null)
<vfo@crazy> vfo_set_dict: VFO G
<vfo@crazy> vfo_parse_mode: USB
<event.match@crazy> Event ws.msg.cat.state from cptr:<(nil)> hit 1 times
<http.ws@crazy> ws_txtframe_dispatch: No matches for message: {"msg":{"ts":1789170710,"type":"cat.state"},"cat":{"state":{"ptt":false,"mode":"USB","vfo":"G","width":0,"freq":0}}}
<http@crazy> ws_handle_cli: msg={"msg":{"ts":1789170710,"type":"cat.state"},"cat":{"state":{"ptt":false,"mode":"USB","vfo":"H","width":0,"freq":0}}}
<event@crazy> send event ws.msg.cat.state: {"msg":{"ts":1789170710,"type":"cat.state"},"cat":{"state":{"ptt":false,"mode":"USB","vfo":"H","width":0,"freq":0}}}
<event@crazy> Firing event ws.msg.cat.state from cptr:<(nil)> with data:<0x55d1b1cf5690> user:(null)
<vfo@crazy> vfo_set_dict: VFO H
<vfo@crazy> vfo_parse_mode: USB
<event.match@crazy> Event ws.msg.cat.state from cptr:<(nil)> hit 1 times
<http.ws@crazy> ws_txtframe_dispatch: No matches for message: {"msg":{"ts":1789170710,"type":"cat.state"},"cat":{"state":{"ptt":false,"mode":"USB","vfo":"H","width":0,"freq":0}}}
<http@crazy> ws_handle_cli: msg={"msg":{"ts":1789170710,"type":"cat.state"},"cat":{"state":{"ptt":false,"mode":"USB","vfo":"I","width":0,"freq":0}}}
<event@crazy> send event ws.msg.cat.state: {"msg":{"ts":1789170710,"type":"cat.state"},"cat":{"state":{"ptt":false,"mode":"USB","vfo":"I","width":0,"freq":0}}}
<event@crazy> Firing event ws.msg.cat.state from cptr:<(nil)> with data:<0x55d1b1cf5690> user:(null)
<vfo@crazy> vfo_set_dict: VFO I
<vfo@crazy> vfo_parse_mode: USB
<event.match@crazy> Event ws.msg.cat.state from cptr:<(nil)> hit 1 times
<http.ws@crazy> ws_txtframe_dispatch: No matches for message: {"msg":{"ts":1789170710,"type":"cat.state"},"cat":{"state":{"ptt":false,"mode":"USB","vfo":"I","width":0,"freq":0}}}
<http@crazy> ws_handle_cli: msg={"msg":{"ts":1789170710,"type":"cat.state"},"cat":{"state":{"ptt":false,"mode":"USB","vfo":"J","width":0,"freq":0}}}
<event@crazy> send event ws.msg.cat.state: {"msg":{"ts":1789170710,"type":"cat.state"},"cat":{"state":{"ptt":false,"mode":"USB","vfo":"J","width":0,"freq":0}}}
<event@crazy> Firing event ws.msg.cat.state from cptr:<(nil)> with data:<0x55d1b1cf5690> user:(null)
<vfo@crazy> vfo_set_dict: VFO J
<vfo@crazy> vfo_parse_mode: USB
<event.match@crazy> Event ws.msg.cat.state from cptr:<(nil)> hit 1 times
<http.ws@crazy> ws_txtframe_dispatch: No matches for message: {"msg":{"ts":1789170710,"type":"cat.state"},"cat":{"state":{"ptt":false,"mode":"USB","vfo":"J","width":0,"freq":0}}}
<http@crazy> ws_handle_cli: msg={"msg":{"ts":1789170710,"type":"cat.state"},"cat":{"state":{"ptt":false,"mode":"USB","vfo":"K","width":0,"freq":0}}}
<event@crazy> send event ws.msg.cat.state: {"msg":{"ts":1789170710,"type":"cat.state"},"cat":{"state":{"ptt":false,"mode":"USB","vfo":"K","width":0,"freq":0}}}
<event@crazy> Firing event ws.msg.cat.state from cptr:<(nil)> with data:<0x55d1b1cf5690> user:(null)
<vfo@crazy> vfo_set_dict: VFO K
<vfo@crazy> vfo_parse_mode: USB
<event.match@crazy> Event ws.msg.cat.state from cptr:<(nil)> hit 1 times
<http.ws@crazy> ws_txtframe_dispatch: No matches for message: {"msg":{"ts":1789170710,"type":"cat.state"},"cat":{"state":{"ptt":false,"mode":"USB","vfo":"K","width":0,"freq":0}}}
<http@crazy> ws_handle_cli: msg={"msg":{"ts":1789170710,"type":"cat.state"},"cat":{"state":{"ptt":false,"mode":"USB","vfo":"L","width":0,"freq":0}}}
<event@crazy> send event ws.msg.cat.state: {"msg":{"ts":1789170710,"type":"cat.state"},"cat":{"state":{"ptt":false,"mode":"USB","vfo":"L","width":0,"freq":0}}}
<event@crazy> Firing event ws.msg.cat.state from cptr:<(nil)> with data:<0x55d1b1cf5690> user:(null)
<vfo@crazy> vfo_set_dict: VFO L
<vfo@crazy> vfo_parse_mode: USB
<event.match@crazy> Event ws.msg.cat.state from cptr:<(nil)> hit 1 times
<http.ws@crazy> ws_txtframe_dispatch: No matches for message: {"msg":{"ts":1789170710,"type":"cat.state"},"cat":{"state":{"ptt":false,"mode":"USB","vfo":"L","width":0,"freq":0}}}
<http@crazy> ws_handle_cli: msg={"msg":{"ts":1789170710,"type":"cat.state"},"cat":{"state":{"ptt":false,"mode":"USB","vfo":"M","width":0,"freq":0}}}
<event@crazy> send event ws.msg.cat.state: {"msg":{"ts":1789170710,"type":"cat.state"},"cat":{"state":{"ptt":false,"mode":"USB","vfo":"M","width":0,"freq":0}}}
<event@crazy> Firing event ws.msg.cat.state from cptr:<(nil)> with data:<0x55d1b1cf5690> user:(null)
<vfo@crazy> vfo_set_dict: VFO M
<vfo@crazy> vfo_parse_mode: USB
<event.match@crazy> Event ws.msg.cat.state from cptr:<(nil)> hit 1 times
<http.ws@crazy> ws_txtframe_dispatch: No matches for message: {"msg":{"ts":1789170710,"type":"cat.state"},"cat":{"state":{"ptt":false,"mode":"USB","vfo":"M","width":0,"freq":0}}}
<http@crazy> ws_handle_cli: msg={"msg":{"ts":1789170710,"type":"cat.state"},"cat":{"state":{"ptt":false,"mode":"USB","vfo":"N","width":0,"freq":0}}}
<event@crazy> send event ws.msg.cat.state: {"msg":{"ts":1789170710,"type":"cat.state"},"cat":{"state":{"ptt":false,"mode":"USB","vfo":"N","width":0,"freq":0}}}
<event@crazy> Firing event ws.msg.cat.state from cptr:<(nil)> with data:<0x55d1b1cf5690> user:(null)
<vfo@crazy> vfo_set_dict: VFO N
<vfo@crazy> vfo_parse_mode: USB
<event.match@crazy> Event ws.msg.cat.state from cptr:<(nil)> hit 1 times
<http.ws@crazy> ws_txtframe_dispatch: No matches for message: {"msg":{"ts":1789170710,"type":"cat.state"},"cat":{"state":{"ptt":false,"mode":"USB","vfo":"N","width":0,"freq":0}}}
<http@crazy> ws_handle_cli: msg={"msg":{"ts":1789170710,"type":"cat.state"},"cat":{"state":{"ptt":false,"mode":"USB","vfo":"O","width":0,"freq":0}}}
<event@crazy> send event ws.msg.cat.state: {"msg":{"ts":1789170710,"type":"cat.state"},"cat":{"state":{"ptt":false,"mode":"USB","vfo":"O","width":0,"freq":0}}}
<event@crazy> Firing event ws.msg.cat.state from cptr:<(nil)> with data:<0x55d1b1cf5690> user:(null)
<vfo@crazy> vfo_set_dict: VFO O
<vfo@crazy> vfo_parse_mode: USB
<event.match@crazy> Event ws.msg.cat.state from cptr:<(nil)> hit 1 times
<http.ws@crazy> ws_txtframe_dispatch: No matches for message: {"msg":{"ts":1789170710,"type":"cat.state"},"cat":{"state":{"ptt":false,"mode":"USB","vfo":"O","width":0,"freq":0}}}
<http@crazy> ws_handle_cli: msg={"msg":{"ts":1789170710,"type":"cat.state"},"cat":{"state":{"ptt":false,"mode":"USB","vfo":"P","width":0,"freq":0}}}
<event@crazy> send event ws.msg.cat.state: {"msg":{"ts":1789170710,"type":"cat.state"},"cat":{"state":{"ptt":false,"mode":"USB","vfo":"P","width":0,"freq":0}}}
<event@crazy> Firing event ws.msg.cat.state from cptr:<(nil)> with data:<0x55d1b1cf5690> user:(null)
<vfo@crazy> vfo_set_dict: VFO P
<vfo@crazy> vfo_parse_mode: USB
<event.match@crazy> Event ws.msg.cat.state from cptr:<(nil)> hit 1 times
<http.ws@crazy> ws_txtframe_dispatch: No matches for message: {"msg":{"ts":1789170710,"type":"cat.state"},"cat":{"state":{"ptt":false,"mode":"USB","vfo":"P","width":0,"freq":0}}}
<http@crazy> ws_handle_cli: msg={"msg":{"ts":1789170710,"type":"cat.state"},"cat":{"state":{"ptt":false,"mode":"USB","vfo":"Q","width":0,"freq":0}}}
<event@crazy> send event ws.msg.cat.state: {"msg":{"ts":1789170710,"type":"cat.state"},"cat":{"state":{"ptt":false,"mode":"USB","vfo":"Q","width":0,"freq":0}}}
<event@crazy> Firing event ws.msg.cat.state from cptr:<(nil)> with data:<0x55d1b1cf5690> user:(null)
<vfo@crazy> vfo_set_dict: VFO Q
<vfo@crazy> vfo_parse_mode: USB
<event.match@crazy> Event ws.msg.cat.state from cptr:<(nil)> hit 1 times
<http.ws@crazy> ws_txtframe_dispatch: No matches for message: {"msg":{"ts":1789170710,"type":"cat.state"},"cat":{"state":{"ptt":false,"mode":"USB","vfo":"Q","width":0,"freq":0}}}
<http@crazy> ws_handle_cli: msg={"msg":{"ts":1789170710,"type":"cat.state"},"cat":{"state":{"ptt":false,"mode":"USB","vfo":"R","width":0,"freq":0}}}
<event@crazy> send event ws.msg.cat.state: {"msg":{"ts":1789170710,"type":"cat.state"},"cat":{"state":{"ptt":false,"mode":"USB","vfo":"R","width":0,"freq":0}}}
<event@crazy> Firing event ws.msg.cat.state from cptr:<(nil)> with data:<0x55d1b1cf5690> user:(null)
<vfo@crazy> vfo_set_dict: VFO R
<vfo@crazy> vfo_parse_mode: USB
<event.match@crazy> Event ws.msg.cat.state from cptr:<(nil)> hit 1 times
<http.ws@crazy> ws_txtframe_dispatch: No matches for message: {"msg":{"ts":1789170710,"type":"cat.state"},"cat":{"state":{"ptt":false,"mode":"USB","vfo":"R","width":0,"freq":0}}}
<http@crazy> ws_handle_cli: msg={"msg":{"ts":1789170710,"type":"cat.state"},"cat":{"state":{"ptt":false,"mode":"USB","vfo":"S","width":0,"freq":0}}}
<event@crazy> send event ws.msg.cat.state: {"msg":{"ts":1789170710,"type":"cat.state"},"cat":{"state":{"ptt":false,"mode":"USB","vfo":"S","width":0,"freq":0}}}
<event@crazy> Firing event ws.msg.cat.state from cptr:<(nil)> with data:<0x55d1b1cf5690> user:(null)
<vfo@crazy> vfo_set_dict: VFO S
<vfo@crazy> vfo_parse_mode: USB
<event.match@crazy> Event ws.msg.cat.state from cptr:<(nil)> hit 1 times
<http.ws@crazy> ws_txtframe_dispatch: No matches for message: {"msg":{"ts":1789170710,"type":"cat.state"},"cat":{"state":{"ptt":false,"mode":"USB","vfo":"S","width":0,"freq":0}}}
<http@crazy> ws_handle_cli: msg={"msg":{"ts":1789170710,"type":"cat.state"},"cat":{"state":{"ptt":false,"mode":"USB","vfo":"T","width":0,"freq":0}}}
<event@crazy> send event ws.msg.cat.state: {"msg":{"ts":1789170710,"type":"cat.state"},"cat":{"state":{"ptt":false,"mode":"USB","vfo":"T","width":0,"freq":0}}}
<event@crazy> Firing event ws.msg.cat.state from cptr:<(nil)> with data:<0x55d1b1cf5690> user:(null)
<vfo@crazy> vfo_set_dict: VFO T
<vfo@crazy> vfo_parse_mode: USB
<event.match@crazy> Event ws.msg.cat.state from cptr:<(nil)> hit 1 times
<http.ws@crazy> ws_txtframe_dispatch: No matches for message: {"msg":{"ts":1789170710,"type":"cat.state"},"cat":{"state":{"ptt":false,"mode":"USB","vfo":"T","width":0,"freq":0}}}
<http@crazy> ws_handle_cli: msg={"msg":{"ts":1789170710,"type":"cat.state"},"cat":{"state":{"ptt":false,"mode":"USB","vfo":"U","width":0,"freq":0}}}
<event@crazy> send event ws.msg.cat.state: {"msg":{"ts":1789170710,"type":"cat.state"},"cat":{"state":{"ptt":false,"mode":"USB","vfo":"U","width":0,"freq":0}}}
<event@crazy> Firing event ws.msg.cat.state from cptr:<(nil)> with data:<0x55d1b1cf5690> user:(null)
<vfo@crazy> vfo_set_dict: VFO U
<vfo@crazy> vfo_parse_mode: USB
<event.match@crazy> Event ws.msg.cat.state from cptr:<(nil)> hit 1 times
<http.ws@crazy> ws_txtframe_dispatch: No matches for message: {"msg":{"ts":1789170710,"type":"cat.state"},"cat":{"state":{"ptt":false,"mode":"USB","vfo":"U","width":0,"freq":0}}}
<http@crazy> ws_handle_cli: msg={"msg":{"ts":1789170710,"type":"cat.state"},"cat":{"state":{"ptt":false,"mode":"USB","vfo":"V","width":0,"freq":0}}}
<event@crazy> send event ws.msg.cat.state: {"msg":{"ts":1789170710,"type":"cat.state"},"cat":{"state":{"ptt":false,"mode":"USB","vfo":"V","width":0,"freq":0}}}
<event@crazy> Firing event ws.msg.cat.state from cptr:<(nil)> with data:<0x55d1b1cf5690> user:(null)
<vfo@crazy> vfo_set_dict: VFO V
<vfo@crazy> vfo_parse_mode: USB
<event.match@crazy> Event ws.msg.cat.state from cptr:<(nil)> hit 1 times
<http.ws@crazy> ws_txtframe_dispatch: No matches for message: {"msg":{"ts":1789170710,"type":"cat.state"},"cat":{"state":{"ptt":false,"mode":"USB","vfo":"V","width":0,"freq":0}}}
<http@crazy> ws_handle_cli: msg={"msg":{"ts":1789170710,"type":"cat.state"},"cat":{"state":{"ptt":false,"mode":"USB","vfo":"W","width":0,"freq":0}}}
<event@crazy> send event ws.msg.cat.state: {"msg":{"ts":1789170710,"type":"cat.state"},"cat":{"state":{"ptt":false,"mode":"USB","vfo":"W","width":0,"freq":0}}}
<event@crazy> Firing event ws.msg.cat.state from cptr:<(nil)> with data:<0x55d1b1cf5690> user:(null)
<vfo@crazy> vfo_set_dict: VFO W
<vfo@crazy> vfo_parse_mode: USB
<event.match@crazy> Event ws.msg.cat.state from cptr:<(nil)> hit 1 times
<http.ws@crazy> ws_txtframe_dispatch: No matches for message: {"msg":{"ts":1789170710,"type":"cat.state"},"cat":{"state":{"ptt":false,"mode":"USB","vfo":"W","width":0,"freq":0}}}
<http@crazy> ws_handle_cli: msg={"msg":{"ts":1789170710,"type":"cat.state"},"cat":{"state":{"ptt":false,"mode":"USB","vfo":"X","width":0,"freq":0}}}
<event@crazy> send event ws.msg.cat.state: {"msg":{"ts":1789170710,"type":"cat.state"},"cat":{"state":{"ptt":false,"mode":"USB","vfo":"X","width":0,"freq":0}}}
<event@crazy> Firing event ws.msg.cat.state from cptr:<(nil)> with data:<0x55d1b1cf5690> user:(null)
<vfo@crazy> vfo_set_dict: VFO X
<vfo@crazy> vfo_parse_mode: USB
<event.match@crazy> Event ws.msg.cat.state from cptr:<(nil)> hit 1 times
<http.ws@crazy> ws_txtframe_dispatch: No matches for message: {"msg":{"ts":1789170710,"type":"cat.state"},"cat":{"state":{"ptt":false,"mode":"USB","vfo":"X","width":0,"freq":0}}}
<http@crazy> ws_handle_cli: msg={"msg":{"ts":1789170710,"type":"cat.state"},"cat":{"state":{"ptt":false,"mode":"USB","vfo":"Y","width":0,"freq":0}}}
<event@crazy> send event ws.msg.cat.state: {"msg":{"ts":1789170710,"type":"cat.state"},"cat":{"state":{"ptt":false,"mode":"USB","vfo":"Y","width":0,"freq":0}}}
<event@crazy> Firing event ws.msg.cat.state from cptr:<(nil)> with data:<0x55d1b1cf5690> user:(null)
<vfo@crazy> vfo_set_dict: VFO Y
<vfo@crazy> vfo_parse_mode: USB
<event.match@crazy> Event ws.msg.cat.state from cptr:<(nil)> hit 1 times
<http.ws@crazy> ws_txtframe_dispatch: No matches for message: {"msg":{"ts":1789170710,"type":"cat.state"},"cat":{"state":{"ptt":false,"mode":"USB","vfo":"Y","width":0,"freq":0}}}
<http@crazy> ws_handle_cli: msg={"msg":{"ts":1789170710,"type":"cat.state"},"cat":{"state":{"ptt":false,"mode":"USB","vfo":"Z","width":0,"freq":0}}}
<event@crazy> send event ws.msg.cat.state: {"msg":{"ts":1789170710,"type":"cat.state"},"cat":{"state":{"ptt":false,"mode":"USB","vfo":"Z","width":0,"freq":0}}}
<event@crazy> Firing event ws.msg.cat.state from cptr:<(nil)> with data:<0x55d1b1cf5690> user:(null)
<vfo@crazy> vfo_set_dict: VFO Z
<vfo@crazy> vfo_parse_mode: USB
<event.match@crazy> Event ws.msg.cat.state from cptr:<(nil)> hit 1 times
<http.ws@crazy> ws_txtframe_dispatch: No matches for message: {"msg":{"ts":1789170710,"type":"cat.state"},"cat":{"state":{"ptt":false,"mode":"USB","vfo":"Z","width":0,"freq":0}}}
<http@crazy> ws_handle_cli: msg={"alert":{"from":"***SERVER***","ts":1789170710,"msg":"TOT expired, halting TX! PTT User: admin"}}
<event@crazy> send event ws.msg.unknown: {"alert":{"from":"***SERVER***","ts":1789170710,"msg":"TOT expired, halting TX! PTT User: admin"}}
<event.nomatch@crazy> Event ws.msg.unknown didn't match; firing NOMATCH
<event@crazy> Firing event ws.msg.unknown from cptr:<(nil)> with data:<0x55d1b1cf5690> user:(null)
<ws.nomatch@crazy> Got NOMATCH hit with json: {"alert":{"from":"***SERVER***","ts":1789170710,"msg":"TOT expired, halting TX! PTT User: admin"}}
<ws.nomatch@debug> Unhandled msg.type:|<NONE>|
<http.ws@crazy> ws_txtframe_dispatch: No matches for message: {"alert":{"from":"***SERVER***","ts":1789170710,"msg":"TOT expired, halting TX! PTT User: admin"}}
<http@crazy> ws_handle_cli: msg={"ptt":{"tot":{"user":"admin","secs":300}},"msg":{"ts":1789170710,"type":"ptt.tot-expired"}}
<event@crazy> send event ws.msg.ptt.tot-expired: {"ptt":{"tot":{"user":"admin","secs":300}},"msg":{"ts":1789170710,"type":"ptt.tot-expired"}}
<event@crazy> Firing event ws.msg.ptt.tot-expired from cptr:<(nil)> with data:<0x55d1b1cf5690> user:(null)
<event.match@crazy> Event ws.msg.ptt.tot-expired from cptr:<(nil)> hit 1 times
<http.ws@crazy> ws_txtframe_dispatch: No matches for message: {"ptt":{"tot":{"user":"admin","secs":300}},"msg":{"ts":1789170710,"type":"ptt.tot-expired"}}
<http@crazy> ws_handle_cli: msg={"msg":{"ts":1789170710,"type":"cat"},"cat":{"user":"admin","state":{"active":true,"ptt":false,"mode":"USB","vfo":"A","power":0,"width":3000,"freq":14074000,"widths":"1800,3000,3600"}}}
<event@crazy> send event ws.msg.cat: {"msg":{"ts":1789170710,"type":"cat"},"cat":{"user":"admin","state":{"active":true,"ptt":false,"mode":"USB","vfo":"A","width":3000,"power":0,"freq":14074000,"widths":"1800,3000,3600"}}}
<event@crazy> Firing event ws.msg.cat from cptr:<(nil)> with data:<0x55d1b1cf5690> user:(null)
<vfo@crazy> vfo_set_dict: VFO A
<vfo@crazy> vfo_parse_mode: USB
<event.match@crazy> Event ws.msg.cat from cptr:<(nil)> hit 1 times
<ws.cat@debug> user:<0x55d1b1cfd490> = |admin|
<http@crazy> ws_handle_cli: msg={"msg":{"ts":1789170710,"type":"cat"},"cat":{"user":"admin","state":{"active":false,"ptt":false,"mode":"USB","vfo":"B","power":0,"width":3000,"freq":14074000,"widths":"1800,3000,3600"}}}
<event@crazy> send event ws.msg.cat: {"msg":{"ts":1789170710,"type":"cat"},"cat":{"user":"admin","state":{"active":false,"ptt":false,"mode":"USB","vfo":"B","width":3000,"power":0,"freq":14074000,"widths":"1800,3000,3600"}}}
<event@crazy> Firing event ws.msg.cat from cptr:<(nil)> with data:<0x55d1b1cf5690> user:(null)
<vfo@crazy> vfo_set_dict: VFO B
<vfo@crazy> vfo_parse_mode: USB
<event.match@crazy> Event ws.msg.cat from cptr:<(nil)> hit 1 times
<ws.cat@debug> user:<0x55d1b1cfb940> = |admin|
<http@crazy> ws_handle_cli: msg={"ping":{"ts":82366958475},"msg":{"ts":1789170722,"type":"ping"}}
<event@crazy> send event ws.msg.ping: {"msg":{"ts":1789170722,"type":"ping"},"ping":{"ts":82366958475}}
<event@crazy> Firing event ws.msg.ping from cptr:<(nil)> with data:<0x55d1b1cf5690> user:(null)
<ws.ping@crazy> Server ping: {"msg":{"ts":1789170722,"type":"ping"},"ping":{"ts":82366958475}}
<event.match@crazy> Event ws.msg.ping from cptr:<(nil)> hit 1 times
<ws.proto@crazy> Sending dict <0x55d1b1cfd530> to conn <0x55d1b1ce8ff0>: {"ping":{"ts":82366958475},"msg":{"ts":1789170722,"type":"pong"}}
<http@crazy> ws_handle_cli: msg={"msg":{"ts":1789170725,"type":"cat"},"cat":{"user":"admin","state":{"active":true,"ptt":false,"mode":"USB","vfo":"A","power":0,"width":3000,"freq":14074000,"widths":"1800,3000,3600"}}}
<event@crazy> send event ws.msg.cat: {"msg":{"ts":1789170725,"type":"cat"},"cat":{"user":"admin","state":{"active":true,"ptt":false,"mode":"USB","vfo":"A","width":3000,"power":0,"freq":14074000,"widths":"1800,3000,3600"}}}
<event@crazy> Firing event ws.msg.cat from cptr:<(nil)> with data:<0x55d1b1cf5690> user:(null)
<vfo@crazy> vfo_set_dict: VFO A
<vfo@crazy> vfo_parse_mode: USB
<event.match@crazy> Event ws.msg.cat from cptr:<(nil)> hit 1 times
<ws.cat@debug> user:<0x55d1b1cf9eb0> = |admin|
<http@crazy> ws_handle_cli: msg={"msg":{"ts":1789170725,"type":"cat"},"cat":{"user":"admin","state":{"active":false,"ptt":false,"mode":"USB","vfo":"B","power":0,"width":3000,"freq":14074000,"widths":"1800,3000,3600"}}}
<event@crazy> send event ws.msg.cat: {"msg":{"ts":1789170725,"type":"cat"},"cat":{"user":"admin","state":{"active":false,"ptt":false,"mode":"USB","vfo":"B","width":3000,"power":0,"freq":14074000,"widths":"1800,3000,3600"}}}
<event@crazy> Firing event ws.msg.cat from cptr:<(nil)> with data:<0x55d1b1cf5690> user:(null)
<vfo@crazy> vfo_set_dict: VFO B
<vfo@crazy> vfo_parse_mode: USB
<event.match@crazy> Event ws.msg.cat from cptr:<(nil)> hit 1 times
<ws.cat@debug> user:<0x55d1b1cfb940> = |admin|
<http@crazy> ws_handle_cli: msg={"msg":{"ts":1789170740,"type":"cat"},"cat":{"user":"admin","state":{"active":true,"ptt":false,"mode":"USB","vfo":"A","power":0,"width":3000,"freq":14074000,"widths":"1800,3000,3600"}}}
<event@crazy> send event ws.msg.cat: {"msg":{"ts":1789170740,"type":"cat"},"cat":{"user":"admin","state":{"active":true,"ptt":false,"mode":"USB","vfo":"A","width":3000,"power":0,"freq":14074000,"widths":"1800,3000,3600"}}}
<event@crazy> Firing event ws.msg.cat from cptr:<(nil)> with data:<0x55d1b1cf5690> user:(null)
<vfo@crazy> vfo_set_dict: VFO A
<vfo@crazy> vfo_parse_mode: USB
<event.match@crazy> Event ws.msg.cat from cptr:<(nil)> hit 1 times
<ws.cat@debug> user:<0x55d1b1cfd350> = |admin|
<http@crazy> ws_handle_cli: msg={"msg":{"ts":1789170740,"type":"cat"},"cat":{"user":"admin","state":{"active":false,"ptt":false,"mode":"USB","vfo":"B","power":0,"width":3000,"freq":14074000,"widths":"1800,3000,3600"}}}
<event@crazy> send event ws.msg.cat: {"msg":{"ts":1789170740,"type":"cat"},"cat":{"user":"admin","state":{"active":false,"ptt":false,"mode":"USB","vfo":"B","width":3000,"power":0,"freq":14074000,"widths":"1800,3000,3600"}}}
<event@crazy> Firing event ws.msg.cat from cptr:<(nil)> with data:<0x55d1b1cf5690> user:(null)
<vfo@crazy> vfo_set_dict: VFO B
<vfo@crazy> vfo_parse_mode: USB
<event.match@crazy> Event ws.msg.cat from cptr:<(nil)> hit 1 times
<ws.cat@debug> user:<0x55d1b1cfb940> = |admin|
<http@crazy> ws_handle_cli: msg={"msg":{"ts":1789170755,"type":"cat"},"cat":{"user":"admin","state":{"active":true,"ptt":false,"mode":"USB","vfo":"A","power":0,"width":3000,"freq":14074000,"widths":"1800,3000,3600"}}}
<event@crazy> send event ws.msg.cat: {"msg":{"ts":1789170755,"type":"cat"},"cat":{"user":"admin","state":{"active":true,"ptt":false,"mode":"USB","vfo":"A","width":3000,"power":0,"freq":14074000,"widths":"1800,3000,3600"}}}
<event@crazy> Firing event ws.msg.cat from cptr:<(nil)> with data:<0x55d1b1cf5690> user:(null)
<vfo@crazy> vfo_set_dict: VFO A
<vfo@crazy> vfo_parse_mode: USB
<event.match@crazy> Event ws.msg.cat from cptr:<(nil)> hit 1 times
<ws.cat@debug> user:<0x55d1b1cfd0d0> = |admin|
<http@crazy> ws_handle_cli: msg={"msg":{"ts":1789170755,"type":"cat"},"cat":{"user":"admin","state":{"active":false,"ptt":false,"mode":"USB","vfo":"B","power":0,"width":3000,"freq":14074000,"widths":"1800,3000,3600"}}}
<event@crazy> send event ws.msg.cat: {"msg":{"ts":1789170755,"type":"cat"},"cat":{"user":"admin","state":{"active":false,"ptt":false,"mode":"USB","vfo":"B","width":3000,"power":0,"freq":14074000,"widths":"1800,3000,3600"}}}
<event@crazy> Firing event ws.msg.cat from cptr:<(nil)> with data:<0x55d1b1cf5690> user:(null)
<vfo@crazy> vfo_set_dict: VFO B
<vfo@crazy> vfo_parse_mode: USB
<event.match@crazy> Event ws.msg.cat from cptr:<(nil)> hit 1 times
<ws.cat@debug> user:<0x55d1b1cfcc60> = |admin|
<http@crazy> ws_handle_cli: msg={"msg":{"ts":1789170770,"type":"cat"},"cat":{"user":"admin","state":{"active":true,"ptt":false,"mode":"USB","vfo":"A","power":0,"width":3000,"freq":14074000,"widths":"1800,3000,3600"}}}
<event@crazy> send event ws.msg.cat: {"msg":{"ts":1789170770,"type":"cat"},"cat":{"user":"admin","state":{"active":true,"ptt":false,"mode":"USB","vfo":"A","width":3000,"power":0,"freq":14074000,"widths":"1800,3000,3600"}}}
<event@crazy> Firing event ws.msg.cat from cptr:<(nil)> with data:<0x55d1b1cf5690> user:(null)
<vfo@crazy> vfo_set_dict: VFO A
<vfo@crazy> vfo_parse_mode: USB
<event.match@crazy> Event ws.msg.cat from cptr:<(nil)> hit 1 times
<ws.cat@debug> user:<0x55d1b1cfd0d0> = |admin|
<http@crazy> ws_handle_cli: msg={"msg":{"ts":1789170770,"type":"cat"},"cat":{"user":"admin","state":{"active":false,"ptt":false,"mode":"USB","vfo":"B","power":0,"width":3000,"freq":14074000,"widths":"1800,3000,3600"}}}
<event@crazy> send event ws.msg.cat: {"msg":{"ts":1789170770,"type":"cat"},"cat":{"user":"admin","state":{"active":false,"ptt":false,"mode":"USB","vfo":"B","width":3000,"power":0,"freq":14074000,"widths":"1800,3000,3600"}}}
<event@crazy> Firing event ws.msg.cat from cptr:<(nil)> with data:<0x55d1b1cf5690> user:(null)
<vfo@crazy> vfo_set_dict: VFO B
<vfo@crazy> vfo_parse_mode: USB
<event.match@crazy> Event ws.msg.cat from cptr:<(nil)> hit 1 times
<ws.cat@debug> user:<0x55d1b1cfcc60> = |admin|
<http@crazy> ws_handle_cli: msg={"ping":{"ts":82429138409},"msg":{"ts":1789170784,"type":"ping"}}
<event@crazy> send event ws.msg.ping: {"msg":{"ts":1789170784,"type":"ping"},"ping":{"ts":82429138409}}
<event@crazy> Firing event ws.msg.ping from cptr:<(nil)> with data:<0x55d1b1cf5690> user:(null)
<ws.ping@crazy> Server ping: {"msg":{"ts":1789170784,"type":"ping"},"ping":{"ts":82429138409}}
<event.match@crazy> Event ws.msg.ping from cptr:<(nil)> hit 1 times
<ws.proto@crazy> Sending dict <0x55d1b1cfd370> to conn <0x55d1b1ce8ff0>: {"ping":{"ts":82429138409},"msg":{"ts":1789170784,"type":"pong"}}
<http@crazy> ws_handle_cli: msg={"msg":{"ts":1789170785,"type":"cat"},"cat":{"user":"admin","state":{"active":true,"ptt":false,"mode":"USB","vfo":"A","power":0,"width":3000,"freq":14074000,"widths":"1800,3000,3600"}}}
<event@crazy> send event ws.msg.cat: {"msg":{"ts":1789170785,"type":"cat"},"cat":{"user":"admin","state":{"active":true,"ptt":false,"mode":"USB","vfo":"A","width":3000,"power":0,"freq":14074000,"widths":"1800,3000,3600"}}}
<event@crazy> Firing event ws.msg.cat from cptr:<(nil)> with data:<0x55d1b1cf5690> user:(null)
<vfo@crazy> vfo_set_dict: VFO A
<vfo@crazy> vfo_parse_mode: USB
<event.match@crazy> Event ws.msg.cat from cptr:<(nil)> hit 1 times
<ws.cat@debug> user:<0x55d1b1cfd4b0> = |admin|
<http@crazy> ws_handle_cli: msg={"msg":{"ts":1789170785,"type":"cat"},"cat":{"user":"admin","state":{"active":false,"ptt":false,"mode":"USB","vfo":"B","power":0,"width":3000,"freq":14074000,"widths":"1800,3000,3600"}}}
<event@crazy> send event ws.msg.cat: {"msg":{"ts":1789170785,"type":"cat"},"cat":{"user":"admin","state":{"active":false,"ptt":false,"mode":"USB","vfo":"B","width":3000,"power":0,"freq":14074000,"widths":"1800,3000,3600"}}}
<event@crazy> Firing event ws.msg.cat from cptr:<(nil)> with data:<0x55d1b1cf5690> user:(null)
<vfo@crazy> vfo_set_dict: VFO B
<vfo@crazy> vfo_parse_mode: USB
<event.match@crazy> Event ws.msg.cat from cptr:<(nil)> hit 1 times
<ws.cat@debug> user:<0x55d1b1cfa840> = |admin|
<http@crazy> ws_handle_cli: msg={"msg":{"ts":1789170800,"type":"cat"},"cat":{"user":"admin","state":{"active":true,"ptt":false,"mode":"USB","vfo":"A","power":0,"width":3000,"freq":14074000,"widths":"1800,3000,3600"}}}
<event@crazy> send event ws.msg.cat: {"msg":{"ts":1789170800,"type":"cat"},"cat":{"user":"admin","state":{"active":true,"ptt":false,"mode":"USB","vfo":"A","width":3000,"power":0,"freq":14074000,"widths":"1800,3000,3600"}}}
<event@crazy> Firing event ws.msg.cat from cptr:<(nil)> with data:<0x55d1b1cf5690> user:(null)
<vfo@crazy> vfo_set_dict: VFO A
<vfo@crazy> vfo_parse_mode: USB
<event.match@crazy> Event ws.msg.cat from cptr:<(nil)> hit 1 times
<ws.cat@debug> user:<0x55d1b1cf9ad0> = |admin|
<http@crazy> ws_handle_cli: msg={"msg":{"ts":1789170800,"type":"cat"},"cat":{"user":"admin","state":{"active":false,"ptt":false,"mode":"USB","vfo":"B","power":0,"width":3000,"freq":14074000,"widths":"1800,3000,3600"}}}
<event@crazy> send event ws.msg.cat: {"msg":{"ts":1789170800,"type":"cat"},"cat":{"user":"admin","state":{"active":false,"ptt":false,"mode":"USB","vfo":"B","width":3000,"power":0,"freq":14074000,"widths":"1800,3000,3600"}}}
<event@crazy> Firing event ws.msg.cat from cptr:<(nil)> with data:<0x55d1b1cf5690> user:(null)
<vfo@crazy> vfo_set_dict: VFO B
<vfo@crazy> vfo_parse_mode: USB
<event.match@crazy> Event ws.msg.cat from cptr:<(nil)> hit 1 times
<ws.cat@debug> user:<0x55d1b1cfd510> = |admin|
<http@crazy> ws_handle_cli: msg={"msg":{"ts":1789170815,"type":"cat"},"cat":{"user":"admin","state":{"active":true,"ptt":false,"mode":"USB","vfo":"A","power":0,"width":3000,"freq":14074000,"widths":"1800,3000,3600"}}}
<event@crazy> send event ws.msg.cat: {"msg":{"ts":1789170815,"type":"cat"},"cat":{"user":"admin","state":{"active":true,"ptt":false,"mode":"USB","vfo":"A","width":3000,"power":0,"freq":14074000,"widths":"1800,3000,3600"}}}
<event@crazy> Firing event ws.msg.cat from cptr:<(nil)> with data:<0x55d1b1cf5690> user:(null)
<vfo@crazy> vfo_set_dict: VFO A
<vfo@crazy> vfo_parse_mode: USB
<event.match@crazy> Event ws.msg.cat from cptr:<(nil)> hit 1 times
<ws.cat@debug> user:<0x55d1b1cfd1f0> = |admin|
<http@crazy> ws_handle_cli: msg={"msg":{"ts":1789170815,"type":"cat"},"cat":{"user":"admin","state":{"active":false,"ptt":false,"mode":"USB","vfo":"B","power":0,"width":3000,"freq":14074000,"widths":"1800,3000,3600"}}}
<event@crazy> send event ws.msg.cat: {"msg":{"ts":1789170815,"type":"cat"},"cat":{"user":"admin","state":{"active":false,"ptt":false,"mode":"USB","vfo":"B","width":3000,"power":0,"freq":14074000,"widths":"1800,3000,3600"}}}
<event@crazy> Firing event ws.msg.cat from cptr:<(nil)> with data:<0x55d1b1cf5690> user:(null)
<vfo@crazy> vfo_set_dict: VFO B
<vfo@crazy> vfo_parse_mode: USB
<event.match@crazy> Event ws.msg.cat from cptr:<(nil)> hit 1 times
<ws.cat@debug> user:<0x55d1b1cfade0> = |admin|
<http@crazy> ws_handle_cli: msg={"msg":{"ts":1789170830,"type":"cat"},"cat":{"user":"admin","state":{"active":true,"ptt":false,"mode":"USB","vfo":"A","power":0,"width":3000,"freq":14074000,"widths":"1800,3000,3600"}}}
<event@crazy> send event ws.msg.cat: {"msg":{"ts":1789170830,"type":"cat"},"cat":{"user":"admin","state":{"active":true,"ptt":false,"mode":"USB","vfo":"A","width":3000,"power":0,"freq":14074000,"widths":"1800,3000,3600"}}}
<event@crazy> Firing event ws.msg.cat from cptr:<(nil)> with data:<0x55d1b1cf5690> user:(null)
<vfo@crazy> vfo_set_dict: VFO A
<vfo@crazy> vfo_parse_mode: USB
<event.match@crazy> Event ws.msg.cat from cptr:<(nil)> hit 1 times
<ws.cat@debug> user:<0x55d1b1cfd3d0> = |admin|
<http@crazy> ws_handle_cli: msg={"msg":{"ts":1789170830,"type":"cat"},"cat":{"user":"admin","state":{"active":false,"ptt":false,"mode":"USB","vfo":"B","power":0,"width":3000,"freq":14074000,"widths":"1800,3000,3600"}}}
<event@crazy> send event ws.msg.cat: {"msg":{"ts":1789170830,"type":"cat"},"cat":{"user":"admin","state":{"active":false,"ptt":false,"mode":"USB","vfo":"B","width":3000,"power":0,"freq":14074000,"widths":"1800,3000,3600"}}}
<event@crazy> Firing event ws.msg.cat from cptr:<(nil)> with data:<0x55d1b1cf5690> user:(null)
<vfo@crazy> vfo_set_dict: VFO B
<vfo@crazy> vfo_parse_mode: USB
<event.match@crazy> Event ws.msg.cat from cptr:<(nil)> hit 1 times
<ws.cat@debug> user:<0x55d1b1cfade0> = |admin|
<http@crazy> ws_handle_cli: msg={"msg":{"ts":1789170845,"type":"cat"},"cat":{"user":"admin","state":{"active":true,"ptt":false,"mode":"USB","vfo":"A","power":0,"width":3000,"freq":14074000,"widths":"1800,3000,3600"}}}
<event@crazy> send event ws.msg.cat: {"msg":{"ts":1789170845,"type":"cat"},"cat":{"user":"admin","state":{"active":true,"ptt":false,"mode":"USB","vfo":"A","width":3000,"power":0,"freq":14074000,"widths":"1800,3000,3600"}}}
<event@crazy> Firing event ws.msg.cat from cptr:<(nil)> with data:<0x55d1b1cf5690> user:(null)
<vfo@crazy> vfo_set_dict: VFO A
<vfo@crazy> vfo_parse_mode: USB
<event.match@crazy> Event ws.msg.cat from cptr:<(nil)> hit 1 times
<ws.cat@debug> user:<0x55d1b1cfb580> = |admin|
<http@crazy> ws_handle_cli: msg={"msg":{"ts":1789170845,"type":"cat"},"cat":{"user":"admin","state":{"active":false,"ptt":false,"mode":"USB","vfo":"B","power":0,"width":3000,"freq":14074000,"widths":"1800,3000,3600"}}}
<event@crazy> send event ws.msg.cat: {"msg":{"ts":1789170845,"type":"cat"},"cat":{"user":"admin","state":{"active":false,"ptt":false,"mode":"USB","vfo":"B","width":3000,"power":0,"freq":14074000,"widths":"1800,3000,3600"}}}
<event@crazy> Firing event ws.msg.cat from cptr:<(nil)> with data:<0x55d1b1cf5690> user:(null)
<vfo@crazy> vfo_set_dict: VFO B
<vfo@crazy> vfo_parse_mode: USB
<event.match@crazy> Event ws.msg.cat from cptr:<(nil)> hit 1 times
<ws.cat@debug> user:<0x55d1b1cfae20> = |admin|
<http@crazy> ws_handle_cli: msg={"ping":{"ts":82491312835},"msg":{"ts":1789170846,"type":"ping"}}
<event@crazy> send event ws.msg.ping: {"msg":{"ts":1789170846,"type":"ping"},"ping":{"ts":82491312835}}
<event@crazy> Firing event ws.msg.ping from cptr:<(nil)> with data:<0x55d1b1cf5690> user:(null)
<ws.ping@crazy> Server ping: {"msg":{"ts":1789170846,"type":"ping"},"ping":{"ts":82491312835}}
<event.match@crazy> Event ws.msg.ping from cptr:<(nil)> hit 1 times
<ws.proto@crazy> Sending dict <0x55d1b1cfae80> to conn <0x55d1b1ce8ff0>: {"ping":{"ts":82491312835},"msg":{"ts":1789170846,"type":"pong"}}
<http@crazy> ws_handle_cli: msg={"msg":{"ts":1789170860,"type":"cat"},"cat":{"user":"admin","state":{"active":true,"ptt":false,"mode":"USB","vfo":"A","power":0,"width":3000,"freq":14074000,"widths":"1800,3000,3600"}}}
<event@crazy> send event ws.msg.cat: {"msg":{"ts":1789170860,"type":"cat"},"cat":{"user":"admin","state":{"active":true,"ptt":false,"mode":"USB","vfo":"A","width":3000,"power":0,"freq":14074000,"widths":"1800,3000,3600"}}}
<event@crazy> Firing event ws.msg.cat from cptr:<(nil)> with data:<0x55d1b1cf5690> user:(null)
<vfo@crazy> vfo_set_dict: VFO A
<vfo@crazy> vfo_parse_mode: USB
<event.match@crazy> Event ws.msg.cat from cptr:<(nil)> hit 1 times
<ws.cat@debug> user:<0x55d1b1cfb280> = |admin|
<http@crazy> ws_handle_cli: msg={"msg":{"ts":1789170860,"type":"cat"},"cat":{"user":"admin","state":{"active":false,"ptt":false,"mode":"USB","vfo":"B","power":0,"width":3000,"freq":14074000,"widths":"1800,3000,3600"}}}
<event@crazy> send event ws.msg.cat: {"msg":{"ts":1789170860,"type":"cat"},"cat":{"user":"admin","state":{"active":false,"ptt":false,"mode":"USB","vfo":"B","width":3000,"power":0,"freq":14074000,"widths":"1800,3000,3600"}}}
<event@crazy> Firing event ws.msg.cat from cptr:<(nil)> with data:<0x55d1b1cf5690> user:(null)
<vfo@crazy> vfo_set_dict: VFO B
<vfo@crazy> vfo_parse_mode: USB
<event.match@crazy> Event ws.msg.cat from cptr:<(nil)> hit 1 times
<ws.cat@debug> user:<0x55d1b1cfac50> = |admin|
<http@crazy> ws_handle_cli: msg={"msg":{"ts":1789170875,"type":"cat"},"cat":{"user":"admin","state":{"active":true,"ptt":false,"mode":"USB","vfo":"A","power":0,"width":3000,"freq":14074000,"widths":"1800,3000,3600"}}}
<event@crazy> send event ws.msg.cat: {"msg":{"ts":1789170875,"type":"cat"},"cat":{"user":"admin","state":{"active":true,"ptt":false,"mode":"USB","vfo":"A","width":3000,"power":0,"freq":14074000,"widths":"1800,3000,3600"}}}
<event@crazy> Firing event ws.msg.cat from cptr:<(nil)> with data:<0x55d1b1cf5690> user:(null)
<vfo@crazy> vfo_set_dict: VFO A
<vfo@crazy> vfo_parse_mode: USB
<event.match@crazy> Event ws.msg.cat from cptr:<(nil)> hit 1 times
<ws.cat@debug> user:<0x55d1b1cfada0> = |admin|
<http@crazy> ws_handle_cli: msg={"msg":{"ts":1789170875,"type":"cat"},"cat":{"user":"admin","state":{"active":false,"ptt":false,"mode":"USB","vfo":"B","power":0,"width":3000,"freq":14074000,"widths":"1800,3000,3600"}}}
<event@crazy> send event ws.msg.cat: {"msg":{"ts":1789170875,"type":"cat"},"cat":{"user":"admin","state":{"active":false,"ptt":false,"mode":"USB","vfo":"B","width":3000,"power":0,"freq":14074000,"widths":"1800,3000,3600"}}}
<event@crazy> Firing event ws.msg.cat from cptr:<(nil)> with data:<0x55d1b1cf5690> user:(null)
<vfo@crazy> vfo_set_dict: VFO B
<vfo@crazy> vfo_parse_mode: USB
<event.match@crazy> Event ws.msg.cat from cptr:<(nil)> hit 1 times
<ws.cat@debug> user:<0x55d1b1cfac50> = |admin|
<http@crazy> ws_handle_cli: msg={"msg":{"ts":1789170890,"type":"cat"},"cat":{"user":"admin","state":{"active":true,"ptt":false,"mode":"USB","vfo":"A","power":0,"width":3000,"freq":14074000,"widths":"1800,3000,3600"}}}
<event@crazy> send event ws.msg.cat: {"msg":{"ts":1789170890,"type":"cat"},"cat":{"user":"admin","state":{"active":true,"ptt":false,"mode":"USB","vfo":"A","width":3000,"power":0,"freq":14074000,"widths":"1800,3000,3600"}}}
<event@crazy> Firing event ws.msg.cat from cptr:<(nil)> with data:<0x55d1b1cf5690> user:(null)
<vfo@crazy> vfo_set_dict: VFO A
<vfo@crazy> vfo_parse_mode: USB
<event.match@crazy> Event ws.msg.cat from cptr:<(nil)> hit 1 times
<ws.cat@debug> user:<0x55d1b1cfada0> = |admin|
<http@crazy> ws_handle_cli: msg={"msg":{"ts":1789170890,"type":"cat"},"cat":{"user":"admin","state":{"active":false,"ptt":false,"mode":"USB","vfo":"B","power":0,"width":3000,"freq":14074000,"widths":"1800,3000,3600"}}}
<event@crazy> send event ws.msg.cat: {"msg":{"ts":1789170890,"type":"cat"},"cat":{"user":"admin","state":{"active":false,"ptt":false,"mode":"USB","vfo":"B","width":3000,"power":0,"freq":14074000,"widths":"1800,3000,3600"}}}
<event@crazy> Firing event ws.msg.cat from cptr:<(nil)> with data:<0x55d1b1cf5690> user:(null)
<vfo@crazy> vfo_set_dict: VFO B
<vfo@crazy> vfo_parse_mode: USB
<event.match@crazy> Event ws.msg.cat from cptr:<(nil)> hit 1 times
<ws.cat@debug> user:<0x55d1b1cfd0d0> = |admin|
<http@crazy> ws_handle_cli: msg={"msg":{"ts":1789170905,"type":"cat"},"cat":{"user":"admin","state":{"active":true,"ptt":false,"mode":"USB","vfo":"A","power":0,"width":3000,"freq":14074000,"widths":"1800,3000,3600"}}}
<event@crazy> send event ws.msg.cat: {"msg":{"ts":1789170905,"type":"cat"},"cat":{"user":"admin","state":{"active":true,"ptt":false,"mode":"USB","vfo":"A","width":3000,"power":0,"freq":14074000,"widths":"1800,3000,3600"}}}
<event@crazy> Firing event ws.msg.cat from cptr:<(nil)> with data:<0x55d1b1cf5690> user:(null)
<vfo@crazy> vfo_set_dict: VFO A
<vfo@crazy> vfo_parse_mode: USB
<event.match@crazy> Event ws.msg.cat from cptr:<(nil)> hit 1 times
<ws.cat@debug> user:<0x55d1b1cfaf00> = |admin|
<http@crazy> ws_handle_cli: msg={"msg":{"ts":1789170905,"type":"cat"},"cat":{"user":"admin","state":{"active":false,"ptt":false,"mode":"USB","vfo":"B","power":0,"width":3000,"freq":14074000,"widths":"1800,3000,3600"}}}
<event@crazy> send event ws.msg.cat: {"msg":{"ts":1789170905,"type":"cat"},"cat":{"user":"admin","state":{"active":false,"ptt":false,"mode":"USB","vfo":"B","width":3000,"power":0,"freq":14074000,"widths":"1800,3000,3600"}}}
<event@crazy> Firing event ws.msg.cat from cptr:<(nil)> with data:<0x55d1b1cf5690> user:(null)
<vfo@crazy> vfo_set_dict: VFO B
<vfo@crazy> vfo_parse_mode: USB
<event.match@crazy> Event ws.msg.cat from cptr:<(nil)> hit 1 times
<ws.cat@debug> user:<0x55d1b1cfa9a0> = |admin|
<http@crazy> ws_handle_cli: msg={"ping":{"ts":82553494919},"msg":{"ts":1789170908,"type":"ping"}}
<event@crazy> send event ws.msg.ping: {"msg":{"ts":1789170908,"type":"ping"},"ping":{"ts":82553494919}}
<event@crazy> Firing event ws.msg.ping from cptr:<(nil)> with data:<0x55d1b1cf5690> user:(null)
<ws.ping@crazy> Server ping: {"msg":{"ts":1789170908,"type":"ping"},"ping":{"ts":82553494919}}
<event.match@crazy> Event ws.msg.ping from cptr:<(nil)> hit 1 times
<ws.proto@crazy> Sending dict <0x55d1b1cfd0d0> to conn <0x55d1b1ce8ff0>: {"ping":{"ts":82553494919},"msg":{"ts":1789170908,"type":"pong"}}
<http@crazy> ws_handle_cli: msg={"msg":{"ts":1789170920,"type":"cat"},"cat":{"user":"admin","state":{"active":true,"ptt":false,"mode":"USB","vfo":"A","power":0,"width":3000,"freq":14074000,"widths":"1800,3000,3600"}}}
<event@crazy> send event ws.msg.cat: {"msg":{"ts":1789170920,"type":"cat"},"cat":{"user":"admin","state":{"active":true,"ptt":false,"mode":"USB","vfo":"A","width":3000,"power":0,"freq":14074000,"widths":"1800,3000,3600"}}}
<event@crazy> Firing event ws.msg.cat from cptr:<(nil)> with data:<0x55d1b1cf5690> user:(null)
<vfo@crazy> vfo_set_dict: VFO A
<vfo@crazy> vfo_parse_mode: USB
<event.match@crazy> Event ws.msg.cat from cptr:<(nil)> hit 1 times
<ws.cat@debug> user:<0x55d1b1cfd570> = |admin|
<http@crazy> ws_handle_cli: msg={"msg":{"ts":1789170920,"type":"cat"},"cat":{"user":"admin","state":{"active":false,"ptt":false,"mode":"USB","vfo":"B","power":0,"width":3000,"freq":14074000,"widths":"1800,3000,3600"}}}
<event@crazy> send event ws.msg.cat: {"msg":{"ts":1789170920,"type":"cat"},"cat":{"user":"admin","state":{"active":false,"ptt":false,"mode":"USB","vfo":"B","width":3000,"power":0,"freq":14074000,"widths":"1800,3000,3600"}}}
<event@crazy> Firing event ws.msg.cat from cptr:<(nil)> with data:<0x55d1b1cf5690> user:(null)
<vfo@crazy> vfo_set_dict: VFO B
<vfo@crazy> vfo_parse_mode: USB
<event.match@crazy> Event ws.msg.cat from cptr:<(nil)> hit 1 times
<ws.cat@debug> user:<0x55d1b1cfd5f0> = |admin|
<http@crazy> ws_handle_cli: msg={"msg":{"ts":1789170935,"type":"cat"},"cat":{"user":"admin","state":{"active":true,"ptt":false,"mode":"USB","vfo":"A","power":0,"width":3000,"freq":14074000,"widths":"1800,3000,3600"}}}
<event@crazy> send event ws.msg.cat: {"msg":{"ts":1789170935,"type":"cat"},"cat":{"user":"admin","state":{"active":true,"ptt":false,"mode":"USB","vfo":"A","width":3000,"power":0,"freq":14074000,"widths":"1800,3000,3600"}}}
<event@crazy> Firing event ws.msg.cat from cptr:<(nil)> with data:<0x55d1b1cf5690> user:(null)
<vfo@crazy> vfo_set_dict: VFO A
<vfo@crazy> vfo_parse_mode: USB
<event.match@crazy> Event ws.msg.cat from cptr:<(nil)> hit 1 times
<ws.cat@debug> user:<0x55d1b1cfd1f0> = |admin|
<http@crazy> ws_handle_cli: msg={"msg":{"ts":1789170935,"type":"cat"},"cat":{"user":"admin","state":{"active":false,"ptt":false,"mode":"USB","vfo":"B","power":0,"width":3000,"freq":14074000,"widths":"1800,3000,3600"}}}
<event@crazy> send event ws.msg.cat: {"msg":{"ts":1789170935,"type":"cat"},"cat":{"user":"admin","state":{"active":false,"ptt":false,"mode":"USB","vfo":"B","width":3000,"power":0,"freq":14074000,"widths":"1800,3000,3600"}}}
<event@crazy> Firing event ws.msg.cat from cptr:<(nil)> with data:<0x55d1b1cf5690> user:(null)
<vfo@crazy> vfo_set_dict: VFO B
<vfo@crazy> vfo_parse_mode: USB
<event.match@crazy> Event ws.msg.cat from cptr:<(nil)> hit 1 times
<ws.cat@debug> user:<0x55d1b1cfb580> = |admin|
<http@crazy> ws_handle_cli: msg={"msg":{"ts":1789170950,"type":"cat"},"cat":{"user":"admin","state":{"active":true,"ptt":false,"mode":"USB","vfo":"A","power":0,"width":3000,"freq":14074000,"widths":"1800,3000,3600"}}}
<event@crazy> send event ws.msg.cat: {"msg":{"ts":1789170950,"type":"cat"},"cat":{"user":"admin","state":{"active":true,"ptt":false,"mode":"USB","vfo":"A","width":3000,"power":0,"freq":14074000,"widths":"1800,3000,3600"}}}
<event@crazy> Firing event ws.msg.cat from cptr:<(nil)> with data:<0x55d1b1cf5690> user:(null)
<vfo@crazy> vfo_set_dict: VFO A
<vfo@crazy> vfo_parse_mode: USB
<event.match@crazy> Event ws.msg.cat from cptr:<(nil)> hit 1 times
<ws.cat@debug> user:<0x55d1b1cfb540> = |admin|
<http@crazy> ws_handle_cli: msg={"msg":{"ts":1789170950,"type":"cat"},"cat":{"user":"admin","state":{"active":false,"ptt":false,"mode":"USB","vfo":"B","power":0,"width":3000,"freq":14074000,"widths":"1800,3000,3600"}}}
<event@crazy> send event ws.msg.cat: {"msg":{"ts":1789170950,"type":"cat"},"cat":{"user":"admin","state":{"active":false,"ptt":false,"mode":"USB","vfo":"B","width":3000,"power":0,"freq":14074000,"widths":"1800,3000,3600"}}}
<event@crazy> Firing event ws.msg.cat from cptr:<(nil)> with data:<0x55d1b1cf5690> user:(null)
<vfo@crazy> vfo_set_dict: VFO B
<vfo@crazy> vfo_parse_mode: USB
<event.match@crazy> Event ws.msg.cat from cptr:<(nil)> hit 1 times
<ws.cat@debug> user:<0x55d1b1cfd490> = |admin|
<http@crazy> ws_handle_cli: msg={"msg":{"ts":1789170965,"type":"cat"},"cat":{"user":"admin","state":{"active":true,"ptt":false,"mode":"USB","vfo":"A","power":0,"width":3000,"freq":14074000,"widths":"1800,3000,3600"}}}
<event@crazy> send event ws.msg.cat: {"msg":{"ts":1789170965,"type":"cat"},"cat":{"user":"admin","state":{"active":true,"ptt":false,"mode":"USB","vfo":"A","width":3000,"power":0,"freq":14074000,"widths":"1800,3000,3600"}}}
<event@crazy> Firing event ws.msg.cat from cptr:<(nil)> with data:<0x55d1b1cf5690> user:(null)
<vfo@crazy> vfo_set_dict: VFO A
<vfo@crazy> vfo_parse_mode: USB
<event.match@crazy> Event ws.msg.cat from cptr:<(nil)> hit 1 times
<ws.cat@debug> user:<0x55d1b1cfd0d0> = |admin|
<http@crazy> ws_handle_cli: msg={"msg":{"ts":1789170965,"type":"cat"},"cat":{"user":"admin","state":{"active":false,"ptt":false,"mode":"USB","vfo":"B","power":0,"width":3000,"freq":14074000,"widths":"1800,3000,3600"}}}
<event@crazy> send event ws.msg.cat: {"msg":{"ts":1789170965,"type":"cat"},"cat":{"user":"admin","state":{"active":false,"ptt":false,"mode":"USB","vfo":"B","width":3000,"power":0,"freq":14074000,"widths":"1800,3000,3600"}}}
<event@crazy> Firing event ws.msg.cat from cptr:<(nil)> with data:<0x55d1b1cf5690> user:(null)
<vfo@crazy> vfo_set_dict: VFO B
<vfo@crazy> vfo_parse_mode: USB
<event.match@crazy> Event ws.msg.cat from cptr:<(nil)> hit 1 times
<ws.cat@debug> user:<0x55d1b1cfaf00> = |admin|
<http@crazy> ws_handle_cli: msg={"msg":{"ts":1789170969,"type":"talk"},"talk":{"muted":false,"tx":true,"cmd":"userinfo","user":"admin","privs":"admin,edit,view,radio,tx,elmer,syslog,chat","sessions":1}}
<event@crazy> send event ws.msg.talk: {"msg":{"ts":1789170969,"type":"talk"},"talk":{"muted":false,"tx":true,"cmd":"userinfo","user":"admin","privs":"admin,edit,view,radio,tx,elmer,syslog,chat","sessions":1}}
<event@crazy> Firing event ws.msg.talk from cptr:<(nil)> with data:<0x55d1b1cfac70> user:(null)
<ws.talk@crazy> ws.msg.talk: {"msg":{"ts":1789170969,"type":"talk"},"talk":{"muted":false,"tx":true,"cmd":"userinfo","user":"admin","privs":"admin,edit,view,radio,tx,elmer,syslog,chat","sessions":1}}
<event.match@crazy> Event ws.msg.talk from cptr:<(nil)> hit 1 times
<ws.talk@debug> UserInfo: admin has privs 'admin,edit,view,radio,tx,elmer,syslog,chat' (TX: false, Muted: false, sessions: 1)
<event@crazy> send event userinfo: {"msg":{"ts":1789170969,"type":"talk"},"talk":{"muted":false,"tx":true,"cmd":"userinfo","user":"admin","privs":"admin,edit,view,radio,tx,elmer,syslog,chat","sessions":1}}
<event@crazy> Firing event userinfo from cptr:<0x55d1b1ce8ff0> with data:<0x55d1b1cf5690> user:(null)
<userlist@info> Updating userlist entry for admin at <0x55d1b1cfaaf0>
<event.match@crazy> Event userinfo from cptr:<0x55d1b1ce8ff0> hit 1 times
<http@crazy> ws_handle_cli: msg={"msg":{"ts":1789170969,"type":"cat"},"cat":{"user":"admin","mode":"USB","vfo":"A","power":0,"width":3000,"ptt":true,"cmd":"ptt","freq":14074000}}
<event@crazy> send event ws.msg.cat: {"msg":{"ts":1789170969,"type":"cat"},"cat":{"cmd":"ptt","mode":"USB","vfo":"A","power":0,"width":3000,"ptt":true,"user":"admin","freq":14074000}}
<event@crazy> Firing event ws.msg.cat from cptr:<(nil)> with data:<0x55d1b1cf5690> user:(null)
<vfo@crazy> vfo_set_dict: VFO A
<event.match@crazy> Event ws.msg.cat from cptr:<(nil)> hit 1 times
<ws.cat@crazy> Got cat.cmd ptt from admin on vfo A
<ws.cat@info> admin started transmitting
<event@crazy> send event ptt.tx: {"tx":{"state":true,"user":"admin"}}
<event.nomatch@crazy> Event ptt.tx didn't match; firing NOMATCH
<event@crazy> Firing event ptt.tx from cptr:<(nil)> with data:<0x55d1b1cf5690> user:(null)
<ws.nomatch@crazy> Got NOMATCH hit with json: {"tx":{"state":true,"user":"admin"}}
<ws.nomatch@debug> Unhandled msg.type:|<NONE>|
<http@crazy> ws_handle_cli: msg={"msg":{"ts":1789170969,"type":"cat.state"},"cat":{"state":{"ptt":true,"mode":"USB","vfo":"A","width":3000,"freq":14074000}}}
<event@crazy> send event ws.msg.cat.state: {"msg":{"ts":1789170969,"type":"cat.state"},"cat":{"state":{"ptt":true,"mode":"USB","vfo":"A","width":3000,"freq":14074000}}}
<event@crazy> Firing event ws.msg.cat.state from cptr:<(nil)> with data:<0x55d1b1cf5690> user:(null)
<vfo@crazy> vfo_set_dict: VFO A
<vfo@crazy> vfo_parse_mode: USB
<event.match@crazy> Event ws.msg.cat.state from cptr:<(nil)> hit 1 times
<http.ws@crazy> ws_txtframe_dispatch: No matches for message: {"msg":{"ts":1789170969,"type":"cat.state"},"cat":{"state":{"ptt":true,"mode":"USB","vfo":"A","width":3000,"freq":14074000}}}
<http@crazy> ws_handle_cli: msg={"msg":{"ts":1789170969,"type":"cat"},"cat":{"user":"admin","state":{"active":true,"ptt":true,"mode":"USB","vfo":"A","power":0,"width":3000,"freq":14074000,"widths":"1800,3000,3600"}}}
<event@crazy> send event ws.msg.cat: {"msg":{"ts":1789170969,"type":"cat"},"cat":{"user":"admin","state":{"active":true,"ptt":true,"mode":"USB","vfo":"A","width":3000,"power":0,"freq":14074000,"widths":"1800,3000,3600"}}}
<event@crazy> Firing event ws.msg.cat from cptr:<(nil)> with data:<0x55d1b1cf5690> user:(null)
<vfo@crazy> vfo_set_dict: VFO A
<vfo@crazy> vfo_parse_mode: USB
<event.match@crazy> Event ws.msg.cat from cptr:<(nil)> hit 1 times
<ws.cat@debug> user:<0x55d1b1cfd330> = |admin|
<http@crazy> ws_handle_cli: msg={"ping":{"ts":82616684093},"msg":{"ts":1789170971,"type":"ping"}}
<event@crazy> send event ws.msg.ping: {"msg":{"ts":1789170971,"type":"ping"},"ping":{"ts":82616684093}}
<event@crazy> Firing event ws.msg.ping from cptr:<(nil)> with data:<0x55d1b1cf5690> user:(null)
<ws.ping@crazy> Server ping: {"msg":{"ts":1789170971,"type":"ping"},"ping":{"ts":82616684093}}
<event.match@crazy> Event ws.msg.ping from cptr:<(nil)> hit 1 times
<ws.proto@crazy> Sending dict <0x55d1b1cfd430> to conn <0x55d1b1ce8ff0>: {"ping":{"ts":82616684093},"msg":{"ts":1789170971,"type":"pong"}}
<http@crazy> ws_handle_cli: msg={"msg":{"ts":1789170971,"type":"talk"},"talk":{"muted":false,"tx":false,"cmd":"userinfo","user":"admin","privs":"admin,edit,view,radio,tx,elmer,syslog,chat","sessions":1}}
<event@crazy> send event ws.msg.talk: {"msg":{"ts":1789170971,"type":"talk"},"talk":{"muted":false,"tx":false,"cmd":"userinfo","user":"admin","privs":"admin,edit,view,radio,tx,elmer,syslog,chat","sessions":1}}
<event@crazy> Firing event ws.msg.talk from cptr:<(nil)> with data:<0x55d1b1cfac70> user:(null)
<ws.talk@crazy> ws.msg.talk: {"msg":{"ts":1789170971,"type":"talk"},"talk":{"muted":false,"tx":false,"cmd":"userinfo","user":"admin","privs":"admin,edit,view,radio,tx,elmer,syslog,chat","sessions":1}}
<event.match@crazy> Event ws.msg.talk from cptr:<(nil)> hit 1 times
<ws.talk@debug> UserInfo: admin has privs 'admin,edit,view,radio,tx,elmer,syslog,chat' (TX: false, Muted: false, sessions: 1)
<event@crazy> send event userinfo: {"msg":{"ts":1789170971,"type":"talk"},"talk":{"muted":false,"tx":false,"cmd":"userinfo","user":"admin","privs":"admin,edit,view,radio,tx,elmer,syslog,chat","sessions":1}}
<event@crazy> Firing event userinfo from cptr:<0x55d1b1ce8ff0> with data:<0x55d1b1cf5690> user:(null)
<userlist@info> Updating userlist entry for admin at <0x55d1b1cfaaf0>
<event.match@crazy> Event userinfo from cptr:<0x55d1b1ce8ff0> hit 1 times
<http@crazy> ws_handle_cli: msg={"msg":{"ts":1789170971,"type":"cat"},"cat":{"user":"admin","mode":"USB","vfo":"A","power":0,"width":3000,"ptt":false,"cmd":"ptt","freq":14074000}}
<event@crazy> send event ws.msg.cat: {"msg":{"ts":1789170971,"type":"cat"},"cat":{"cmd":"ptt","mode":"USB","vfo":"A","power":0,"width":3000,"ptt":false,"user":"admin","freq":14074000}}
<event@crazy> Firing event ws.msg.cat from cptr:<(nil)> with data:<0x55d1b1cf5690> user:(null)
<vfo@crazy> vfo_set_dict: VFO A
<event.match@crazy> Event ws.msg.cat from cptr:<(nil)> hit 1 times
<ws.cat@crazy> Got cat.cmd ptt from admin on vfo A
<ws.cat@info> admin stopped transmitting
<event@crazy> send event ptt.tx: {"tx":{"state":false,"user":"admin"}}
<event.nomatch@crazy> Event ptt.tx didn't match; firing NOMATCH
<event@crazy> Firing event ptt.tx from cptr:<(nil)> with data:<0x55d1b1cf5690> user:(null)
<ws.nomatch@crazy> Got NOMATCH hit with json: {"tx":{"state":false,"user":"admin"}}
<ws.nomatch@debug> Unhandled msg.type:|<NONE>|
<http@crazy> ws_handle_cli: msg={"msg":{"ts":1789170971,"type":"cat.state"},"cat":{"state":{"ptt":false,"mode":"USB","vfo":"A","width":3000,"freq":14074000}}}
<event@crazy> send event ws.msg.cat.state: {"msg":{"ts":1789170971,"type":"cat.state"},"cat":{"state":{"ptt":false,"mode":"USB","vfo":"A","width":3000,"freq":14074000}}}
<event@crazy> Firing event ws.msg.cat.state from cptr:<(nil)> with data:<0x55d1b1cf5690> user:(null)
<vfo@crazy> vfo_set_dict: VFO A
<vfo@crazy> vfo_parse_mode: USB
<event.match@crazy> Event ws.msg.cat.state from cptr:<(nil)> hit 1 times
<http.ws@crazy> ws_txtframe_dispatch: No matches for message: {"msg":{"ts":1789170971,"type":"cat.state"},"cat":{"state":{"ptt":false,"mode":"USB","vfo":"A","width":3000,"freq":14074000}}}
<http@crazy> ws_handle_cli: msg={"msg":{"ts":1789170971,"type":"cat"},"cat":{"user":"","state":{"active":true,"ptt":false,"mode":"USB","vfo":"A","power":0,"width":3000,"freq":14074000,"widths":"1800,3000,3600"}}}
<event@crazy> send event ws.msg.cat: {"msg":{"ts":1789170971,"type":"cat"},"cat":{"user":"","state":{"active":true,"ptt":false,"mode":"USB","vfo":"A","width":3000,"power":0,"freq":14074000,"widths":"1800,3000,3600"}}}
<event@crazy> Firing event ws.msg.cat from cptr:<(nil)> with data:<0x55d1b1cf5690> user:(null)
<vfo@crazy> vfo_set_dict: VFO A
<vfo@crazy> vfo_parse_mode: USB
<event.match@crazy> Event ws.msg.cat from cptr:<(nil)> hit 1 times
<http@crazy> ws_handle_cli: msg={"msg":{"ts":1789170971,"type":"cat"},"cat":{"user":"","state":{"active":false,"ptt":false,"mode":"USB","vfo":"B","power":0,"width":3000,"freq":14074000,"widths":"1800,3000,3600"}}}
<event@crazy> send event ws.msg.cat: {"msg":{"ts":1789170971,"type":"cat"},"cat":{"user":"","state":{"active":false,"ptt":false,"mode":"USB","vfo":"B","width":3000,"power":0,"freq":14074000,"widths":"1800,3000,3600"}}}
<event@crazy> Firing event ws.msg.cat from cptr:<(nil)> with data:<0x55d1b1cf5690> user:(null)
<vfo@crazy> vfo_set_dict: VFO B
<vfo@crazy> vfo_parse_mode: USB
<event.match@crazy> Event ws.msg.cat from cptr:<(nil)> hit 1 times
<http@crazy> ws_handle_cli: msg={"msg":{"ts":1789170986,"type":"cat"},"cat":{"user":"","state":{"active":true,"ptt":false,"mode":"USB","vfo":"A","power":0,"width":3000,"freq":14074000,"widths":"1800,3000,3600"}}}
<event@crazy> send event ws.msg.cat: {"msg":{"ts":1789170986,"type":"cat"},"cat":{"user":"","state":{"active":true,"ptt":false,"mode":"USB","vfo":"A","width":3000,"power":0,"freq":14074000,"widths":"1800,3000,3600"}}}
<event@crazy> Firing event ws.msg.cat from cptr:<(nil)> with data:<0x55d1b1cf5690> user:(null)
<vfo@crazy> vfo_set_dict: VFO A
<vfo@crazy> vfo_parse_mode: USB
<event.match@crazy> Event ws.msg.cat from cptr:<(nil)> hit 1 times
<http@crazy> ws_handle_cli: msg={"msg":{"ts":1789170986,"type":"cat"},"cat":{"user":"","state":{"active":false,"ptt":false,"mode":"USB","vfo":"B","power":0,"width":3000,"freq":14074000,"widths":"1800,3000,3600"}}}
<event@crazy> send event ws.msg.cat: {"msg":{"ts":1789170986,"type":"cat"},"cat":{"user":"","state":{"active":false,"ptt":false,"mode":"USB","vfo":"B","width":3000,"power":0,"freq":14074000,"widths":"1800,3000,3600"}}}
<event@crazy> Firing event ws.msg.cat from cptr:<(nil)> with data:<0x55d1b1cf5690> user:(null)
<vfo@crazy> vfo_set_dict: VFO B
<vfo@crazy> vfo_parse_mode: USB
<event.match@crazy> Event ws.msg.cat from cptr:<(nil)> hit 1 times
<http@crazy> ws_handle_cli: msg={"msg":{"ts":1789171001,"type":"cat"},"cat":{"user":"","state":{"active":true,"ptt":false,"mode":"USB","vfo":"A","power":0,"width":3000,"freq":14074000,"widths":"1800,3000,3600"}}}
<event@crazy> send event ws.msg.cat: {"msg":{"ts":1789171001,"type":"cat"},"cat":{"user":"","state":{"active":true,"ptt":false,"mode":"USB","vfo":"A","width":3000,"power":0,"freq":14074000,"widths":"1800,3000,3600"}}}
<event@crazy> Firing event ws.msg.cat from cptr:<(nil)> with data:<0x55d1b1cf5690> user:(null)
<vfo@crazy> vfo_set_dict: VFO A
<vfo@crazy> vfo_parse_mode: USB
<event.match@crazy> Event ws.msg.cat from cptr:<(nil)> hit 1 times
<http@crazy> ws_handle_cli: msg={"msg":{"ts":1789171001,"type":"cat"},"cat":{"user":"","state":{"active":false,"ptt":false,"mode":"USB","vfo":"B","power":0,"width":3000,"freq":14074000,"widths":"1800,3000,3600"}}}
<event@crazy> send event ws.msg.cat: {"msg":{"ts":1789171001,"type":"cat"},"cat":{"user":"","state":{"active":false,"ptt":false,"mode":"USB","vfo":"B","width":3000,"power":0,"freq":14074000,"widths":"1800,3000,3600"}}}
<event@crazy> Firing event ws.msg.cat from cptr:<(nil)> with data:<0x55d1b1cf5690> user:(null)
<vfo@crazy> vfo_set_dict: VFO B
<vfo@crazy> vfo_parse_mode: USB
<event.match@crazy> Event ws.msg.cat from cptr:<(nil)> hit 1 times
<http@crazy> ws_handle_cli: msg={"msg":{"ts":1789171016,"type":"cat"},"cat":{"user":"","state":{"active":true,"ptt":false,"mode":"USB","vfo":"A","power":0,"width":3000,"freq":14074000,"widths":"1800,3000,3600"}}}
<event@crazy> send event ws.msg.cat: {"msg":{"ts":1789171016,"type":"cat"},"cat":{"user":"","state":{"active":true,"ptt":false,"mode":"USB","vfo":"A","width":3000,"power":0,"freq":14074000,"widths":"1800,3000,3600"}}}
<event@crazy> Firing event ws.msg.cat from cptr:<(nil)> with data:<0x55d1b1cf5690> user:(null)
<vfo@crazy> vfo_set_dict: VFO A
<vfo@crazy> vfo_parse_mode: USB
<event.match@crazy> Event ws.msg.cat from cptr:<(nil)> hit 1 times
<http@crazy> ws_handle_cli: msg={"msg":{"ts":1789171016,"type":"cat"},"cat":{"user":"","state":{"active":false,"ptt":false,"mode":"USB","vfo":"B","power":0,"width":3000,"freq":14074000,"widths":"1800,3000,3600"}}}
<event@crazy> send event ws.msg.cat: {"msg":{"ts":1789171016,"type":"cat"},"cat":{"user":"","state":{"active":false,"ptt":false,"mode":"USB","vfo":"B","width":3000,"power":0,"freq":14074000,"widths":"1800,3000,3600"}}}
<event@crazy> Firing event ws.msg.cat from cptr:<(nil)> with data:<0x55d1b1cf5690> user:(null)
<vfo@crazy> vfo_set_dict: VFO B
<vfo@crazy> vfo_parse_mode: USB
<event.match@crazy> Event ws.msg.cat from cptr:<(nil)> hit 1 times
<http@crazy> ws_handle_cli: msg={"msg":{"ts":1789171031,"type":"cat"},"cat":{"user":"","state":{"active":true,"ptt":false,"mode":"USB","vfo":"A","power":0,"width":3000,"freq":14074000,"widths":"1800,3000,3600"}}}
<event@crazy> send event ws.msg.cat: {"msg":{"ts":1789171031,"type":"cat"},"cat":{"user":"","state":{"active":true,"ptt":false,"mode":"USB","vfo":"A","width":3000,"power":0,"freq":14074000,"widths":"1800,3000,3600"}}}
<event@crazy> Firing event ws.msg.cat from cptr:<(nil)> with data:<0x55d1b1cf5690> user:(null)
<vfo@crazy> vfo_set_dict: VFO A
<vfo@crazy> vfo_parse_mode: USB
<event.match@crazy> Event ws.msg.cat from cptr:<(nil)> hit 1 times
<http@crazy> ws_handle_cli: msg={"msg":{"ts":1789171031,"type":"cat"},"cat":{"user":"","state":{"active":false,"ptt":false,"mode":"USB","vfo":"B","power":0,"width":3000,"freq":14074000,"widths":"1800,3000,3600"}}}
<event@crazy> send event ws.msg.cat: {"msg":{"ts":1789171031,"type":"cat"},"cat":{"user":"","state":{"active":false,"ptt":false,"mode":"USB","vfo":"B","width":3000,"power":0,"freq":14074000,"widths":"1800,3000,3600"}}}
<event@crazy> Firing event ws.msg.cat from cptr:<(nil)> with data:<0x55d1b1cf5690> user:(null)
<vfo@crazy> vfo_set_dict: VFO B
<vfo@crazy> vfo_parse_mode: USB
<event.match@crazy> Event ws.msg.cat from cptr:<(nil)> hit 1 times
<http@crazy> ws_handle_cli: msg={"ping":{"ts":82678242979},"msg":{"ts":1789171033,"type":"ping"}}
<event@crazy> send event ws.msg.ping: {"msg":{"ts":1789171033,"type":"ping"},"ping":{"ts":82678242979}}
<event@crazy> Firing event ws.msg.ping from cptr:<(nil)> with data:<0x55d1b1cf5690> user:(null)
<ws.ping@crazy> Server ping: {"msg":{"ts":1789171033,"type":"ping"},"ping":{"ts":82678242979}}
<event.match@crazy> Event ws.msg.ping from cptr:<(nil)> hit 1 times
<ws.proto@crazy> Sending dict <0x55d1b1cfb9d0> to conn <0x55d1b1ce8ff0>: {"ping":{"ts":82678242979},"msg":{"ts":1789171033,"type":"pong"}}
<http@crazy> ws_handle_cli: msg={"msg":{"ts":1789171046,"type":"cat"},"cat":{"user":"","state":{"active":true,"ptt":false,"mode":"USB","vfo":"A","power":0,"width":3000,"freq":14074000,"widths":"1800,3000,3600"}}}
<event@crazy> send event ws.msg.cat: {"msg":{"ts":1789171046,"type":"cat"},"cat":{"user":"","state":{"active":true,"ptt":false,"mode":"USB","vfo":"A","width":3000,"power":0,"freq":14074000,"widths":"1800,3000,3600"}}}
<event@crazy> Firing event ws.msg.cat from cptr:<(nil)> with data:<0x55d1b1cf5690> user:(null)
<vfo@crazy> vfo_set_dict: VFO A
<vfo@crazy> vfo_parse_mode: USB
<event.match@crazy> Event ws.msg.cat from cptr:<(nil)> hit 1 times
<http@crazy> ws_handle_cli: msg={"msg":{"ts":1789171046,"type":"cat"},"cat":{"user":"","state":{"active":false,"ptt":false,"mode":"USB","vfo":"B","power":0,"width":3000,"freq":14074000,"widths":"1800,3000,3600"}}}
<event@crazy> send event ws.msg.cat: {"msg":{"ts":1789171046,"type":"cat"},"cat":{"user":"","state":{"active":false,"ptt":false,"mode":"USB","vfo":"B","width":3000,"power":0,"freq":14074000,"widths":"1800,3000,3600"}}}
<event@crazy> Firing event ws.msg.cat from cptr:<(nil)> with data:<0x55d1b1cf5690> user:(null)
<vfo@crazy> vfo_set_dict: VFO B
<vfo@crazy> vfo_parse_mode: USB
<event.match@crazy> Event ws.msg.cat from cptr:<(nil)> hit 1 times
<http@crazy> ws_handle_cli: msg={"msg":{"ts":1789171061,"type":"cat"},"cat":{"user":"","state":{"active":true,"ptt":false,"mode":"USB","vfo":"A","power":0,"width":3000,"freq":14074000,"widths":"1800,3000,3600"}}}
<event@crazy> send event ws.msg.cat: {"msg":{"ts":1789171061,"type":"cat"},"cat":{"user":"","state":{"active":true,"ptt":false,"mode":"USB","vfo":"A","width":3000,"power":0,"freq":14074000,"widths":"1800,3000,3600"}}}
<event@crazy> Firing event ws.msg.cat from cptr:<(nil)> with data:<0x55d1b1cf5690> user:(null)
<vfo@crazy> vfo_set_dict: VFO A
<vfo@crazy> vfo_parse_mode: USB
<event.match@crazy> Event ws.msg.cat from cptr:<(nil)> hit 1 times
<http@crazy> ws_handle_cli: msg={"msg":{"ts":1789171061,"type":"cat"},"cat":{"user":"","state":{"active":false,"ptt":false,"mode":"USB","vfo":"B","power":0,"width":3000,"freq":14074000,"widths":"1800,3000,3600"}}}
<event@crazy> send event ws.msg.cat: {"msg":{"ts":1789171061,"type":"cat"},"cat":{"user":"","state":{"active":false,"ptt":false,"mode":"USB","vfo":"B","width":3000,"power":0,"freq":14074000,"widths":"1800,3000,3600"}}}
<event@crazy> Firing event ws.msg.cat from cptr:<(nil)> with data:<0x55d1b1cf5690> user:(null)
<vfo@crazy> vfo_set_dict: VFO B
<vfo@crazy> vfo_parse_mode: USB
<event.match@crazy> Event ws.msg.cat from cptr:<(nil)> hit 1 times
<http@crazy> ws_handle_cli: msg={"msg":{"ts":1789171076,"type":"cat"},"cat":{"user":"","state":{"active":true,"ptt":false,"mode":"USB","vfo":"A","power":0,"width":3000,"freq":14074000,"widths":"1800,3000,3600"}}}
<event@crazy> send event ws.msg.cat: {"msg":{"ts":1789171076,"type":"cat"},"cat":{"user":"","state":{"active":true,"ptt":false,"mode":"USB","vfo":"A","width":3000,"power":0,"freq":14074000,"widths":"1800,3000,3600"}}}
<event@crazy> Firing event ws.msg.cat from cptr:<(nil)> with data:<0x55d1b1cf5690> user:(null)
<vfo@crazy> vfo_set_dict: VFO A
<vfo@crazy> vfo_parse_mode: USB
<event.match@crazy> Event ws.msg.cat from cptr:<(nil)> hit 1 times
<http@crazy> ws_handle_cli: msg={"msg":{"ts":1789171076,"type":"cat"},"cat":{"user":"","state":{"active":false,"ptt":false,"mode":"USB","vfo":"B","power":0,"width":3000,"freq":14074000,"widths":"1800,3000,3600"}}}
<event@crazy> send event ws.msg.cat: {"msg":{"ts":1789171076,"type":"cat"},"cat":{"user":"","state":{"active":false,"ptt":false,"mode":"USB","vfo":"B","width":3000,"power":0,"freq":14074000,"widths":"1800,3000,3600"}}}
<event@crazy> Firing event ws.msg.cat from cptr:<(nil)> with data:<0x55d1b1cf5690> user:(null)
<vfo@crazy> vfo_set_dict: VFO B
<vfo@crazy> vfo_parse_mode: USB
<event.match@crazy> Event ws.msg.cat from cptr:<(nil)> hit 1 times
<http@crazy> ws_handle_cli: msg={"msg":{"ts":1789171091,"type":"cat"},"cat":{"user":"","state":{"active":true,"ptt":false,"mode":"USB","vfo":"A","power":0,"width":3000,"freq":14074000,"widths":"1800,3000,3600"}}}
<event@crazy> send event ws.msg.cat: {"msg":{"ts":1789171091,"type":"cat"},"cat":{"user":"","state":{"active":true,"ptt":false,"mode":"USB","vfo":"A","width":3000,"power":0,"freq":14074000,"widths":"1800,3000,3600"}}}
<event@crazy> Firing event ws.msg.cat from cptr:<(nil)> with data:<0x55d1b1cf5690> user:(null)
<vfo@crazy> vfo_set_dict: VFO A
<vfo@crazy> vfo_parse_mode: USB
<event.match@crazy> Event ws.msg.cat from cptr:<(nil)> hit 1 times
<http@crazy> ws_handle_cli: msg={"msg":{"ts":1789171091,"type":"cat"},"cat":{"user":"","state":{"active":false,"ptt":false,"mode":"USB","vfo":"B","power":0,"width":3000,"freq":14074000,"widths":"1800,3000,3600"}}}
<event@crazy> send event ws.msg.cat: {"msg":{"ts":1789171091,"type":"cat"},"cat":{"user":"","state":{"active":false,"ptt":false,"mode":"USB","vfo":"B","width":3000,"power":0,"freq":14074000,"widths":"1800,3000,3600"}}}
<event@crazy> Firing event ws.msg.cat from cptr:<(nil)> with data:<0x55d1b1cf5690> user:(null)
<vfo@crazy> vfo_set_dict: VFO B
<vfo@crazy> vfo_parse_mode: USB
<event.match@crazy> Event ws.msg.cat from cptr:<(nil)> hit 1 times
<http@crazy> ws_handle_cli: msg={"ping":{"ts":82740414694},"msg":{"ts":1789171095,"type":"ping"}}
<event@crazy> send event ws.msg.ping: {"msg":{"ts":1789171095,"type":"ping"},"ping":{"ts":82740414694}}
<event@crazy> Firing event ws.msg.ping from cptr:<(nil)> with data:<0x55d1b1cf5690> user:(null)
<ws.ping@crazy> Server ping: {"msg":{"ts":1789171095,"type":"ping"},"ping":{"ts":82740414694}}
<event.match@crazy> Event ws.msg.ping from cptr:<(nil)> hit 1 times
<ws.proto@crazy> Sending dict <0x55d1b1cf9df0> to conn <0x55d1b1ce8ff0>: {"ping":{"ts":82740414694},"msg":{"ts":1789171095,"type":"pong"}}
<http@crazy> ws_handle_cli: msg={"msg":{"ts":1789171106,"type":"cat"},"cat":{"user":"","state":{"active":true,"ptt":false,"mode":"USB","vfo":"A","power":0,"width":3000,"freq":14074000,"widths":"1800,3000,3600"}}}
<event@crazy> send event ws.msg.cat: {"msg":{"ts":1789171106,"type":"cat"},"cat":{"user":"","state":{"active":true,"ptt":false,"mode":"USB","vfo":"A","width":3000,"power":0,"freq":14074000,"widths":"1800,3000,3600"}}}
<event@crazy> Firing event ws.msg.cat from cptr:<(nil)> with data:<0x55d1b1cf5690> user:(null)
<vfo@crazy> vfo_set_dict: VFO A
<vfo@crazy> vfo_parse_mode: USB
<event.match@crazy> Event ws.msg.cat from cptr:<(nil)> hit 1 times
<http@crazy> ws_handle_cli: msg={"msg":{"ts":1789171106,"type":"cat"},"cat":{"user":"","state":{"active":false,"ptt":false,"mode":"USB","vfo":"B","power":0,"width":3000,"freq":14074000,"widths":"1800,3000,3600"}}}
<event@crazy> send event ws.msg.cat: {"msg":{"ts":1789171106,"type":"cat"},"cat":{"user":"","state":{"active":false,"ptt":false,"mode":"USB","vfo":"B","width":3000,"power":0,"freq":14074000,"widths":"1800,3000,3600"}}}
<event@crazy> Firing event ws.msg.cat from cptr:<(nil)> with data:<0x55d1b1cf5690> user:(null)
<vfo@crazy> vfo_set_dict: VFO B
<vfo@crazy> vfo_parse_mode: USB
<event.match@crazy> Event ws.msg.cat from cptr:<(nil)> hit 1 times
<http@crazy> ws_handle_cli: msg={"msg":{"ts":1789171121,"type":"cat"},"cat":{"user":"","state":{"active":true,"ptt":false,"mode":"USB","vfo":"A","power":0,"width":3000,"freq":14074000,"widths":"1800,3000,3600"}}}
<event@crazy> send event ws.msg.cat: {"msg":{"ts":1789171121,"type":"cat"},"cat":{"user":"","state":{"active":true,"ptt":false,"mode":"USB","vfo":"A","width":3000,"power":0,"freq":14074000,"widths":"1800,3000,3600"}}}
<event@crazy> Firing event ws.msg.cat from cptr:<(nil)> with data:<0x55d1b1cf5690> user:(null)
<vfo@crazy> vfo_set_dict: VFO A
<vfo@crazy> vfo_parse_mode: USB
<event.match@crazy> Event ws.msg.cat from cptr:<(nil)> hit 1 times
<http@crazy> ws_handle_cli: msg={"msg":{"ts":1789171121,"type":"cat"},"cat":{"user":"","state":{"active":false,"ptt":false,"mode":"USB","vfo":"B","power":0,"width":3000,"freq":14074000,"widths":"1800,3000,3600"}}}
<event@crazy> send event ws.msg.cat: {"msg":{"ts":1789171121,"type":"cat"},"cat":{"user":"","state":{"active":false,"ptt":false,"mode":"USB","vfo":"B","width":3000,"power":0,"freq":14074000,"widths":"1800,3000,3600"}}}
<event@crazy> Firing event ws.msg.cat from cptr:<(nil)> with data:<0x55d1b1cf5690> user:(null)
<vfo@crazy> vfo_set_dict: VFO B
<vfo@crazy> vfo_parse_mode: USB
<event.match@crazy> Event ws.msg.cat from cptr:<(nil)> hit 1 times
